"scenario","n_train","train_end_year","test_start_year","n_test","model","mae","rmse","r2","detrend_method"
1,64,2005,2006,16,"Naive",88.298,107.232,-0.4602,"lowess"
1,64,2005,2006,16,"Naive_Median",92.064,113.942,-0.6486,"lowess"
1,64,2005,2006,16,"Naive_MA",87.441,107.008,-0.4541,"lowess"
1,64,2005,2006,16,"DT",306.28,341.703,-13.827,"lowess"
1,64,2005,2006,16,"Ripper",529.222,558.054,-38.5466,"lowess"
1,64,2005,2006,16,"CarenR_Dist",288.714,328.434,-12.6979,"lowess"
1,64,2005,2006,16,"CarenR_Dist_FS",275.975,331.562,-12.9601,"lowess"
1,64,2005,2006,16,"CarenR_Dist_Thresh",92.064,113.942,-0.6486,"lowess"
1,64,2005,2006,16,"CarenR_Dist_Sup",174.217,247.675,-6.7897,"lowess"
1,64,2005,2006,16,"CarenR_Dist_Sup_Thresh",92.064,113.942,-0.6486,"lowess"
1,64,2005,2006,16,"CarenR_Dist_Eta2",180.928,259.723,-7.566,"lowess"
1,64,2005,2006,16,"CarenR_Dist_Lag",92.064,113.942,-0.6486,"lowess"
1,64,2005,2006,16,"CarenR_Dist_Conf",92.064,113.942,-0.6486,"lowess"
1,64,2005,2006,16,"CarenR_Dist_Stack",104.546,124.94,-0.9823,"lowess"
1,64,2005,2006,16,"CarenR_Dist_Sup_FS",92.064,113.942,-0.6486,"lowess"
1,64,2005,2006,16,"M5Rules",189.577,212.291,-4.7229,"lowess"
2,65,2006,2007,15,"Naive",103.842,127.853,-1.2389,"lowess"
2,65,2006,2007,15,"Naive_Median",117.263,141.058,-1.7253,"lowess"
2,65,2006,2007,15,"Naive_MA",79.196,94.002,-0.2103,"lowess"
2,65,2006,2007,15,"DT",326.418,378.757,-18.6488,"lowess"
2,65,2006,2007,15,"Ripper",628.137,640.77,-55.2367,"lowess"
2,65,2006,2007,15,"CarenR_Dist",254.267,293.1,-10.7665,"lowess"
2,65,2006,2007,15,"CarenR_Dist_FS",189.325,244.961,-7.2188,"lowess"
2,65,2006,2007,15,"CarenR_Dist_Thresh",117.263,141.058,-1.7253,"lowess"
2,65,2006,2007,15,"CarenR_Dist_Sup",117.263,141.058,-1.7253,"lowess"
2,65,2006,2007,15,"CarenR_Dist_Sup_Thresh",117.263,141.058,-1.7253,"lowess"
2,65,2006,2007,15,"CarenR_Dist_Eta2",175.856,229.686,-6.2258,"lowess"
2,65,2006,2007,15,"CarenR_Dist_Lag",117.263,141.058,-1.7253,"lowess"
2,65,2006,2007,15,"CarenR_Dist_Conf",117.263,141.058,-1.7253,"lowess"
2,65,2006,2007,15,"CarenR_Dist_Stack",135.375,159.272,-2.4745,"lowess"
2,65,2006,2007,15,"CarenR_Dist_Sup_FS",117.263,141.058,-1.7253,"lowess"
2,65,2006,2007,15,"M5Rules",292.055,345.638,-15.3628,"lowess"
3,66,2007,2008,14,"Naive",86.809,108.209,-0.6459,"lowess"
3,66,2007,2008,14,"Naive_Median",88.447,105.069,-0.5517,"lowess"
3,66,2007,2008,14,"Naive_MA",87.773,110.519,-0.7169,"lowess"
3,66,2007,2008,14,"DT",298.362,344.016,-15.6353,"lowess"
3,66,2007,2008,14,"Ripper",663.556,672.437,-62.559,"lowess"
3,66,2007,2008,14,"CarenR_Dist",248.844,286.812,-10.563,"lowess"
3,66,2007,2008,14,"CarenR_Dist_FS",171.902,214.224,-5.4508,"lowess"
3,66,2007,2008,14,"CarenR_Dist_Thresh",88.447,105.069,-0.5517,"lowess"
3,66,2007,2008,14,"CarenR_Dist_Sup",88.447,105.069,-0.5517,"lowess"
3,66,2007,2008,14,"CarenR_Dist_Sup_Thresh",88.447,105.069,-0.5517,"lowess"
3,66,2007,2008,14,"CarenR_Dist_Eta2",88.447,105.069,-0.5517,"lowess"
3,66,2007,2008,14,"CarenR_Dist_Lag",88.447,105.069,-0.5517,"lowess"
3,66,2007,2008,14,"CarenR_Dist_Conf",88.447,105.069,-0.5517,"lowess"
3,66,2007,2008,14,"CarenR_Dist_Stack",108.276,134.676,-1.5495,"lowess"
3,66,2007,2008,14,"CarenR_Dist_Sup_FS",88.447,105.069,-0.5517,"lowess"
3,66,2007,2008,14,"M5Rules",253.07,300.645,-11.7052,"lowess"
4,67,2008,2009,13,"Naive",90.507,113.733,-0.7063,"lowess"
4,67,2008,2009,13,"Naive_Median",82.957,101.573,-0.3609,"lowess"
4,67,2008,2009,13,"Naive_MA",82.789,101.757,-0.3659,"lowess"
4,67,2008,2009,13,"DT",326.567,371.214,-17.1772,"lowess"
4,67,2008,2009,13,"Ripper",405.655,483.872,-29.8844,"lowess"
4,67,2008,2009,13,"CarenR_Dist",272.81,356.613,-15.7754,"lowess"
4,67,2008,2009,13,"CarenR_Dist_FS",82.957,101.573,-0.3609,"lowess"
4,67,2008,2009,13,"CarenR_Dist_Thresh",82.957,101.573,-0.3609,"lowess"
4,67,2008,2009,13,"CarenR_Dist_Sup",82.957,101.573,-0.3609,"lowess"
4,67,2008,2009,13,"CarenR_Dist_Sup_Thresh",82.957,101.573,-0.3609,"lowess"
4,67,2008,2009,13,"CarenR_Dist_Eta2",82.957,101.573,-0.3609,"lowess"
4,67,2008,2009,13,"CarenR_Dist_Lag",73.384,94.155,-0.1694,"lowess"
4,67,2008,2009,13,"CarenR_Dist_Conf",82.957,101.573,-0.3609,"lowess"
4,67,2008,2009,13,"CarenR_Dist_Stack",114.771,143.934,-1.7328,"lowess"
4,67,2008,2009,13,"CarenR_Dist_Sup_FS",82.957,101.573,-0.3609,"lowess"
4,67,2008,2009,13,"M5Rules",172.713,211.333,-4.8913,"lowess"
5,68,2009,2010,12,"Naive",81.181,95.913,-0.1501,"lowess"
5,68,2009,2010,12,"Naive_Median",82.715,101.748,-0.2944,"lowess"
5,68,2009,2010,12,"Naive_MA",81.181,97.427,-0.1868,"lowess"
5,68,2009,2010,12,"DT",273.265,329.454,-12.5703,"lowess"
5,68,2009,2010,12,"Ripper",644.842,651.844,-52.1236,"lowess"
5,68,2009,2010,12,"CarenR_Dist",331.5,370.26,-16.1401,"lowess"
5,68,2009,2010,12,"CarenR_Dist_FS",123.442,202.292,-4.1163,"lowess"
5,68,2009,2010,12,"CarenR_Dist_Thresh",82.715,101.748,-0.2944,"lowess"
5,68,2009,2010,12,"CarenR_Dist_Sup",183.979,262.88,-7.64,"lowess"
5,68,2009,2010,12,"CarenR_Dist_Sup_Thresh",82.715,101.748,-0.2944,"lowess"
5,68,2009,2010,12,"CarenR_Dist_Eta2",82.715,101.748,-0.2944,"lowess"
5,68,2009,2010,12,"CarenR_Dist_Lag",79.024,100.038,-0.2512,"lowess"
5,68,2009,2010,12,"CarenR_Dist_Conf",82.715,101.748,-0.2944,"lowess"
5,68,2009,2010,12,"CarenR_Dist_Stack",87.449,106.433,-0.4163,"lowess"
5,68,2009,2010,12,"CarenR_Dist_Sup_FS",82.715,101.748,-0.2944,"lowess"
5,68,2009,2010,12,"M5Rules",276.441,395.328,-18.5395,"lowess"
6,69,2010,2011,11,"Naive",103.345,123.308,-0.945,"lowess"
6,69,2010,2011,11,"Naive_Median",129.253,148.041,-1.8035,"lowess"
6,69,2010,2011,11,"Naive_MA",126.996,145.78,-1.7185,"lowess"
6,69,2010,2011,11,"DT",352.797,389.145,-18.3711,"lowess"
6,69,2010,2011,11,"Ripper",581.954,592.123,-43.8492,"lowess"
6,69,2010,2011,11,"CarenR_Dist",318.644,334.523,-13.3148,"lowess"
6,69,2010,2011,11,"CarenR_Dist_FS",189.534,235.906,-6.1188,"lowess"
6,69,2010,2011,11,"CarenR_Dist_Thresh",129.253,148.041,-1.8035,"lowess"
6,69,2010,2011,11,"CarenR_Dist_Sup",194.852,238.179,-6.2567,"lowess"
6,69,2010,2011,11,"CarenR_Dist_Sup_Thresh",129.253,148.041,-1.8035,"lowess"
6,69,2010,2011,11,"CarenR_Dist_Eta2",190.544,238.215,-6.2589,"lowess"
6,69,2010,2011,11,"CarenR_Dist_Lag",143.556,156.226,-2.122,"lowess"
6,69,2010,2011,11,"CarenR_Dist_Conf",129.253,148.041,-1.8035,"lowess"
6,69,2010,2011,11,"CarenR_Dist_Stack",129.162,151.392,-1.9318,"lowess"
6,69,2010,2011,11,"CarenR_Dist_Sup_FS",129.253,148.041,-1.8035,"lowess"
6,69,2010,2011,11,"M5Rules",239.445,288.517,-9.6481,"lowess"
7,70,2011,2012,10,"Naive",92.616,114.312,-0.5202,"lowess"
7,70,2011,2012,10,"Naive_Median",115.169,135.828,-1.1463,"lowess"
7,70,2011,2012,10,"Naive_MA",87.962,107.474,-0.3438,"lowess"
7,70,2011,2012,10,"DT",222.518,276.349,-7.8845,"lowess"
7,70,2011,2012,10,"Ripper",680.232,688.193,-54.0984,"lowess"
7,70,2011,2012,10,"CarenR_Dist",349.953,359.788,-14.0596,"lowess"
7,70,2011,2012,10,"CarenR_Dist_FS",201.327,256.137,-6.6324,"lowess"
7,70,2011,2012,10,"CarenR_Dist_Thresh",115.169,135.828,-1.1463,"lowess"
7,70,2011,2012,10,"CarenR_Dist_Sup",199.338,253.753,-6.491,"lowess"
7,70,2011,2012,10,"CarenR_Dist_Sup_Thresh",115.169,135.828,-1.1463,"lowess"
7,70,2011,2012,10,"CarenR_Dist_Eta2",189.956,249.905,-6.2656,"lowess"
7,70,2011,2012,10,"CarenR_Dist_Lag",115.169,135.828,-1.1463,"lowess"
7,70,2011,2012,10,"CarenR_Dist_Conf",115.169,135.828,-1.1463,"lowess"
7,70,2011,2012,10,"CarenR_Dist_Stack",115.104,131.89,-1.0237,"lowess"
7,70,2011,2012,10,"CarenR_Dist_Sup_FS",115.169,135.828,-1.1463,"lowess"
7,70,2011,2012,10,"M5Rules",226.552,253.245,-6.461,"lowess"
8,71,2012,2013,9,"Naive",88.594,109.992,-0.7996,"lowess"
8,71,2012,2013,9,"Naive_Median",80.626,92.565,-0.2745,"lowess"
8,71,2012,2013,9,"Naive_MA",85.223,105.458,-0.6543,"lowess"
8,71,2012,2013,9,"DT",203.735,254.147,-8.6077,"lowess"
8,71,2012,2013,9,"Ripper",568.277,574.837,-48.1519,"lowess"
8,71,2012,2013,9,"CarenR_Dist",451.513,467.385,-31.4938,"lowess"
8,71,2012,2013,9,"CarenR_Dist_FS",198.575,291.828,-11.6679,"lowess"
8,71,2012,2013,9,"CarenR_Dist_Thresh",80.626,92.565,-0.2745,"lowess"
8,71,2012,2013,9,"CarenR_Dist_Sup",195.988,288.288,-11.3625,"lowess"
8,71,2012,2013,9,"CarenR_Dist_Sup_Thresh",80.626,92.565,-0.2745,"lowess"
8,71,2012,2013,9,"CarenR_Dist_Eta2",206.742,306,-12.9281,"lowess"
8,71,2012,2013,9,"CarenR_Dist_Lag",149.28,204.214,-5.2033,"lowess"
8,71,2012,2013,9,"CarenR_Dist_Conf",80.626,92.565,-0.2745,"lowess"
8,71,2012,2013,9,"CarenR_Dist_Stack",109.695,135.094,-1.7147,"lowess"
8,71,2012,2013,9,"CarenR_Dist_Sup_FS",80.626,92.565,-0.2745,"lowess"
8,71,2012,2013,9,"M5Rules",180.908,220.11,-6.2066,"lowess"
9,72,2013,2014,8,"Naive",98.016,115.222,-0.786,"lowess"
9,72,2013,2014,8,"Naive_Median",87.708,99.801,-0.3399,"lowess"
9,72,2013,2014,8,"Naive_MA",92.408,107.588,-0.5572,"lowess"
9,72,2013,2014,8,"DT",234.849,277.435,-9.3545,"lowess"
9,72,2013,2014,8,"Ripper",156.286,242.905,-6.9375,"lowess"
9,72,2013,2014,8,"CarenR_Dist",360.528,414.26,-22.0863,"lowess"
9,72,2013,2014,8,"CarenR_Dist_FS",167.706,254.747,-7.7303,"lowess"
9,72,2013,2014,8,"CarenR_Dist_Thresh",87.708,99.801,-0.3399,"lowess"
9,72,2013,2014,8,"CarenR_Dist_Sup",87.708,99.801,-0.3399,"lowess"
9,72,2013,2014,8,"CarenR_Dist_Sup_Thresh",87.708,99.801,-0.3399,"lowess"
9,72,2013,2014,8,"CarenR_Dist_Eta2",87.708,99.801,-0.3399,"lowess"
9,72,2013,2014,8,"CarenR_Dist_Lag",167.333,217.065,-5.3385,"lowess"
9,72,2013,2014,8,"CarenR_Dist_Conf",87.708,99.801,-0.3399,"lowess"
9,72,2013,2014,8,"CarenR_Dist_Stack",118.474,140.917,-1.6714,"lowess"
9,72,2013,2014,8,"CarenR_Dist_Sup_FS",87.708,99.801,-0.3399,"lowess"
9,72,2013,2014,8,"M5Rules",183.019,226.043,-5.8737,"lowess"
10,73,2014,2015,7,"Naive",133.161,155.576,-3.3252,"lowess"
10,73,2014,2015,7,"Naive_Median",110.205,129.744,-2.0081,"lowess"
10,73,2014,2015,7,"Naive_MA",126.17,147.93,-2.9105,"lowess"
10,73,2014,2015,7,"DT",183.794,227.388,-8.2397,"lowess"
10,73,2014,2015,7,"Ripper",722.541,734.001,-95.276,"lowess"
10,73,2014,2015,7,"CarenR_Dist",462.12,490.968,-42.0756,"lowess"
10,73,2014,2015,7,"CarenR_Dist_FS",295.963,361.039,-22.2934,"lowess"
10,73,2014,2015,7,"CarenR_Dist_Thresh",110.205,129.744,-2.0081,"lowess"
10,73,2014,2015,7,"CarenR_Dist_Sup",297.632,365.659,-22.8933,"lowess"
10,73,2014,2015,7,"CarenR_Dist_Sup_Thresh",110.205,129.744,-2.0081,"lowess"
10,73,2014,2015,7,"CarenR_Dist_Eta2",242.987,336.558,-19.2415,"lowess"
10,73,2014,2015,7,"CarenR_Dist_Lag",138.289,158.47,-3.4877,"lowess"
10,73,2014,2015,7,"CarenR_Dist_Conf",110.205,129.744,-2.0081,"lowess"
10,73,2014,2015,7,"CarenR_Dist_Stack",187.346,209.372,-6.8336,"lowess"
10,73,2014,2015,7,"CarenR_Dist_Sup_FS",110.205,129.744,-2.0081,"lowess"
10,73,2014,2015,7,"M5Rules",200.933,251.648,-10.3164,"lowess"
11,74,2015,2016,6,"Naive",89.005,109.728,-0.8896,"lowess"
11,74,2015,2016,6,"Naive_Median",77.757,90.976,-0.299,"lowess"
11,74,2015,2016,6,"Naive_MA",90.036,111.799,-0.9616,"lowess"
11,74,2015,2016,6,"DT",340.023,376.128,-21.2029,"lowess"
11,74,2015,2016,6,"Ripper",344.885,394.199,-23.3876,"lowess"
11,74,2015,2016,6,"CarenR_Dist",292.193,354.785,-18.7546,"lowess"
11,74,2015,2016,6,"CarenR_Dist_FS",203.177,295.445,-12.699,"lowess"
11,74,2015,2016,6,"CarenR_Dist_Thresh",77.757,90.976,-0.299,"lowess"
11,74,2015,2016,6,"CarenR_Dist_Sup",77.757,90.976,-0.299,"lowess"
11,74,2015,2016,6,"CarenR_Dist_Sup_Thresh",77.757,90.976,-0.299,"lowess"
11,74,2015,2016,6,"CarenR_Dist_Eta2",216.667,322.423,-15.3151,"lowess"
11,74,2015,2016,6,"CarenR_Dist_Lag",138.878,178.269,-3.9876,"lowess"
11,74,2015,2016,6,"CarenR_Dist_Conf",77.757,90.976,-0.299,"lowess"
11,74,2015,2016,6,"CarenR_Dist_Stack",118.938,139.117,-2.0374,"lowess"
11,74,2015,2016,6,"CarenR_Dist_Sup_FS",77.757,90.976,-0.299,"lowess"
11,74,2015,2016,6,"M5Rules",213.866,271.279,-10.5497,"lowess"
12,75,2016,2017,5,"Naive",110.051,130.314,-2.4404,"lowess"
12,75,2016,2017,5,"Naive_Median",95.572,114.797,-1.6699,"lowess"
12,75,2016,2017,5,"Naive_MA",120.641,139.373,-2.9354,"lowess"
12,75,2016,2017,5,"DT",139.806,167.394,-4.6769,"lowess"
12,75,2016,2017,5,"Ripper",507.953,512.725,-52.2596,"lowess"
12,75,2016,2017,5,"CarenR_Dist",414.438,449.12,-39.8653,"lowess"
12,75,2016,2017,5,"CarenR_Dist_FS",252.97,325.422,-20.4548,"lowess"
12,75,2016,2017,5,"CarenR_Dist_Thresh",95.572,114.797,-1.6699,"lowess"
12,75,2016,2017,5,"CarenR_Dist_Sup",264.247,345.467,-23.1792,"lowess"
12,75,2016,2017,5,"CarenR_Dist_Sup_Thresh",95.572,114.797,-1.6699,"lowess"
12,75,2016,2017,5,"CarenR_Dist_Eta2",264.247,345.467,-23.1792,"lowess"
12,75,2016,2017,5,"CarenR_Dist_Lag",87.826,98.443,-0.9633,"lowess"
12,75,2016,2017,5,"CarenR_Dist_Conf",95.572,114.797,-1.6699,"lowess"
12,75,2016,2017,5,"CarenR_Dist_Stack",158.059,171.332,-4.9472,"lowess"
12,75,2016,2017,5,"CarenR_Dist_Sup_FS",95.572,114.797,-1.6699,"lowess"
12,75,2016,2017,5,"M5Rules",187.217,255.12,-12.1861,"lowess"
13,76,2017,2018,4,"Naive",35.518,43.087,0.221,"lowess"
13,76,2017,2018,4,"Naive_Median",46.691,56.871,-0.3571,"lowess"
13,76,2017,2018,4,"Naive_MA",35.518,42.4,0.2456,"lowess"
13,76,2017,2018,4,"DT",213.729,251.319,-25.5029,"lowess"
13,76,2017,2018,4,"Ripper",147.067,152.995,-8.8219,"lowess"
13,76,2017,2018,4,"CarenR_Dist",159.077,203.517,-16.3798,"lowess"
13,76,2017,2018,4,"CarenR_Dist_FS",82.721,124.767,-5.532,"lowess"
13,76,2017,2018,4,"CarenR_Dist_Thresh",46.691,56.871,-0.3571,"lowess"
13,76,2017,2018,4,"CarenR_Dist_Sup",102.45,163.463,-10.212,"lowess"
13,76,2017,2018,4,"CarenR_Dist_Sup_Thresh",46.691,56.871,-0.3571,"lowess"
13,76,2017,2018,4,"CarenR_Dist_Eta2",82.721,124.767,-5.532,"lowess"
13,76,2017,2018,4,"CarenR_Dist_Lag",46.691,56.871,-0.3571,"lowess"
13,76,2017,2018,4,"CarenR_Dist_Conf",46.691,56.871,-0.3571,"lowess"
13,76,2017,2018,4,"CarenR_Dist_Stack",37.211,50.438,-0.0675,"lowess"
13,76,2017,2018,4,"CarenR_Dist_Sup_FS",46.691,56.871,-0.3571,"lowess"
13,76,2017,2018,4,"M5Rules",204.629,232.312,-21.6458,"lowess"
14,77,2018,2019,3,"Naive",36.884,46.614,-1.1599,"lowess"
14,77,2018,2019,3,"Naive_Median",26.737,32.364,-0.0412,"lowess"
14,77,2018,2019,3,"Naive_MA",35.29,45.364,-1.0456,"lowess"
14,77,2018,2019,3,"DT",180.588,233.997,-53.4278,"lowess"
14,77,2018,2019,3,"Ripper",652.637,653.259,-423.1999,"lowess"
14,77,2018,2019,3,"CarenR_Dist",74.612,94.658,-7.9066,"lowess"
14,77,2018,2019,3,"CarenR_Dist_FS",26.737,32.364,-0.0412,"lowess"
14,77,2018,2019,3,"CarenR_Dist_Thresh",26.737,32.364,-0.0412,"lowess"
14,77,2018,2019,3,"CarenR_Dist_Sup",26.737,32.364,-0.0412,"lowess"
14,77,2018,2019,3,"CarenR_Dist_Sup_Thresh",26.737,32.364,-0.0412,"lowess"
14,77,2018,2019,3,"CarenR_Dist_Eta2",26.737,32.364,-0.0412,"lowess"
14,77,2018,2019,3,"CarenR_Dist_Lag",26.737,32.364,-0.0412,"lowess"
14,77,2018,2019,3,"CarenR_Dist_Conf",26.737,32.364,-0.0412,"lowess"
14,77,2018,2019,3,"CarenR_Dist_Stack",60.599,80.566,-5.4521,"lowess"
14,77,2018,2019,3,"CarenR_Dist_Sup_FS",26.737,32.364,-0.0412,"lowess"
14,77,2018,2019,3,"M5Rules",192.306,228.074,-50.7073,"lowess"
15,78,2019,2020,2,"Naive",45.634,49.696,-3.7929,"lowess"
15,78,2019,2020,2,"Naive_Median",29.955,35.84,-1.4928,"lowess"
15,78,2019,2020,2,"Naive_MA",47.764,51.659,-4.179,"lowess"
15,78,2019,2020,2,"DT",121.329,135.359,-34.557,"lowess"
15,78,2019,2020,2,"Ripper",317.234,385.964,-288.0961,"lowess"
15,78,2019,2020,2,"CarenR_Dist",124.126,144.764,-39.6695,"lowess"
15,78,2019,2020,2,"CarenR_Dist_FS",29.955,35.84,-1.4928,"lowess"
15,78,2019,2020,2,"CarenR_Dist_Thresh",29.955,35.84,-1.4928,"lowess"
15,78,2019,2020,2,"CarenR_Dist_Sup",29.955,35.84,-1.4928,"lowess"
15,78,2019,2020,2,"CarenR_Dist_Sup_Thresh",29.955,35.84,-1.4928,"lowess"
15,78,2019,2020,2,"CarenR_Dist_Eta2",29.955,35.84,-1.4928,"lowess"
15,78,2019,2020,2,"CarenR_Dist_Lag",29.955,35.84,-1.4928,"lowess"
15,78,2019,2020,2,"CarenR_Dist_Conf",29.955,35.84,-1.4928,"lowess"
15,78,2019,2020,2,"CarenR_Dist_Stack",74.051,89.737,-14.6277,"lowess"
15,78,2019,2020,2,"CarenR_Dist_Sup_FS",29.955,35.84,-1.4928,"lowess"
15,78,2019,2020,2,"M5Rules",128.83,162.739,-50.3962,"lowess"
16,79,2020,2021,1,"Naive",50.368,50.368,-Inf,"lowess"
16,79,2020,2021,1,"Naive_Median",36.2,36.2,-Inf,"lowess"
16,79,2020,2021,1,"Naive_MA",62.943,62.943,-Inf,"lowess"
16,79,2020,2021,1,"DT",47.116,47.116,-Inf,"lowess"
16,79,2020,2021,1,"Ripper",666.646,666.646,-Inf,"lowess"
16,79,2020,2021,1,"CarenR_Dist",36.2,36.2,-Inf,"lowess"
16,79,2020,2021,1,"CarenR_Dist_FS",36.2,36.2,-Inf,"lowess"
16,79,2020,2021,1,"CarenR_Dist_Thresh",36.2,36.2,-Inf,"lowess"
16,79,2020,2021,1,"CarenR_Dist_Sup",36.2,36.2,-Inf,"lowess"
16,79,2020,2021,1,"CarenR_Dist_Sup_Thresh",36.2,36.2,-Inf,"lowess"
16,79,2020,2021,1,"CarenR_Dist_Eta2",36.2,36.2,-Inf,"lowess"
16,79,2020,2021,1,"CarenR_Dist_Lag",36.2,36.2,-Inf,"lowess"
16,79,2020,2021,1,"CarenR_Dist_Conf",36.2,36.2,-Inf,"lowess"
16,79,2020,2021,1,"CarenR_Dist_Stack",104.899,104.899,-Inf,"lowess"
16,79,2020,2021,1,"CarenR_Dist_Sup_FS",36.2,36.2,-Inf,"lowess"
16,79,2020,2021,1,"M5Rules",155.366,155.366,-Inf,"lowess"
