"year","Wine_mhl","tm_fl_y1_c15","tm_fl_y1_b10","tm_fl_y1_a10","tm_fl_y0_b10","tm_fl_y0_a10","tm_bb_y0_a15","tm_bb_y0_a30","tm_sm_y1_c20","tm_sm_y0_a20","tm_sm_y0_b20","tm_hv_y1_c10","tm_hv_y1_b20","tn_hv_y0_a30","tm.days.less.15_fl_y1_c15","tm.days.less.15_fl_y1_b15","days_minTemp.less.0_bb_y1_c20","days.minTemp.less.0_bb_y1_a30","days.minTemp.less.0_fl_y1_a10","days.maxTemp.above.35_fl_y1_a10","days.maxTemp.above.35_fl_y1_a20","days.tempMax.above.35_sm_y1_b20","days.maxTemp.above.35_sm_y1_a20","rf_fl_y1_a10","rf_hv_y1_b10","rf_hv_y1_a10","days.rf.above.1mm_fl_y1_c15","days.rf.above.1mm_fl_y1_a20","days.rf.above.1mm_sm_y1_b20","days.rf.above.1mm_sm_y1_a20","days.rf.above.1mm_hv_y1_c10","days.rf.above.1mm_hv_y1_a10","iaf_bb_y1_c10","iaf_fl_y1_b10","iaf_fl_y1_b20","iaf_fl_y1_b30","iaf_fl_y1_a10","iaf_hv_y1_c10","iaf_fl_y0_b10","iaf_fl_y0_b20","iaf_fl_y0_b30","iaf_fl_y0_a10","swa_fl_y1_a15","swa_fl_y1_a30","swa_hv_y1_b20","swa_hv_y1_a20","swa_hv_y0_a15","swa_hv_y0_a20","sw.less.15wp_fl_y1_a10","sw.less.15wp_fl_y1_a20","sw.less.15wp_sm_y1_a10","sw.less.15wp_sm_y1_a20","sw.less.15wp_hv_y1_b20","sw.less.15wp_hv_y1_a20","sw.less.15wp_fl_y0_a10","sw.less.15wp_fl_y0_a20","sw.above.09fc_fl_y1_a10","sw.above.09fc_fl_y1_a20","sw.above.09fc_fl_y0_a10","sw.above.09fc_fl_y0_a20"
1942,1060.9,20.07,19.705,18.74,21,22.25,14.0833333333333,13.1483333333333,21.0857142857143,21.2925,21.755,20.0681818181818,20.92,19.1333333333333,3,8,0,0,0,0,0,1,0,35.8,24.1,27.7,5,8,1,7,4,5,0.1905381284705,2.19554948338269,2.03693970943432,1.85185950451589,2.43943637292372,2.5165,2.12023706474272,1.90560834714699,1.73867578389769,2.43109513797711,189.277201962456,186.239525095254,73.7700226412,117.672951189533,65.5315032807429,66.2953356011257,10,20,10,20,20,20,10,20,10,20,10,20
1943,3007.9,16.6066666666667,14.32,20.29,19.705,18.74,13.3166666666667,14.905,20.0547619047619,23.68,21.0825,21.2227272727273,22.95,18.4916666666667,7,7,0,0,0,2,2,2,2,22.8,0,55.2,5,4,1,6,2,6,0.0666790554064658,2.19962499941173,2.04190389106738,1.82374354657215,2.36303119253976,2.5165,2.19554948338269,2.03693970943432,1.85185950451589,2.43943637292372,120.495988176523,115.557665492519,62.5408841347214,88.685166024235,102.436120444786,117.672951189533,10,20,10,20,20,20,10,20,10,20,10,20
1944,3070.4,17.6766666666667,18.58,16.035,14.32,20.29,13.7033333333333,17.3733333333333,21.4166666666667,21.425,20.555,19.5681818181818,21.1975,18.1016666666667,2,1,0,0,0,0,1,1,4,10.6,0.2,65,1,1,4,1,2,6,0.246622100853602,2.24564452418837,2.02902047111355,1.71039033247395,2.4174603159578,2.5165,2.19962499941173,2.04190389106738,1.82374354657215,2.36303119253976,110.581688895162,105.545421870537,89.3348715014799,110.024803187179,84.0019019328579,88.685166024235,10,20,10,20,20,20,10,20,10,20,10,20
1945,2204.9,17.54,16.795,16.81,18.58,16.035,14.72,16.8283333333333,21.8238095238095,19.34,20.45,20.1,19.2475,19.5583333333333,2,6,0,0,0,0,0,2,2,74.5,14.8,0,7,12,4,5,2,0,0.160681992179806,2.22315545299146,2.11288878513713,1.91820279541739,2.40173112281378,2.5165,2.24564452418837,2.02902047111355,1.71039033247395,2.4174603159578,131.635385081112,128.853249287167,83.6410830155053,82.7568394480761,110.734313949785,110.024803187179,10,20,10,20,20,20,10,20,10,20,10,20
1946,1620.3,17.03,16.635,16.985,16.795,16.81,16.32,16.6666666666667,18.0714285714286,18.425,20.225,18.7045454545455,19.8925,19.9866666666667,3,7,0,0,0,0,0,2,0,0.8,26.8,30.8,4,2,4,10,4,5,0.21515899339745,2.26389145162606,2.14312722012816,2.02710350456907,2.40763382048915,0.915090909090909,2.22315545299146,2.11288878513713,1.91820279541739,2.40173112281378,218.703070887774,197.416612283737,102.071525738359,152.773536400701,85.3305222867461,82.7568394480761,10,20,10,20,20,20,10,20,10,20,10,20
1947,2360.9,17.9766666666667,17.505,17.635,16.635,16.985,14.9666666666667,13.3416666666667,21.8857142857143,21.77,19.46,20.3181818181818,21.92,15.9116666666667,1,2,0,0,0,0,2,0,0,15.9,14.4,45.6,5,9,1,2,0,2,0.04488598723974,2.16397657138294,1.96861985387814,1.80795177795159,2.37975072716771,2.5165,2.26389145162606,2.14312722012816,2.02710350456907,2.40763382048915,137.009961461369,130.487449177394,51.3190374441987,83.2322992715722,132.954001155694,152.773536400701,10,20,10,20,20,20,10,20,10,20,10,20
1948,1589.1,16.2633333333333,16.955,15.37,17.505,17.635,14.6433333333333,15.2983333333333,20.5928571428571,22.1425,21.8075,22.1272727272727,21.945,19.385,3,2,0,0,0,0,0,0,2,87.9,4.8,0,8,6,5,7,2,0,0.192304052975813,2.25964003600382,2.1123210560152,1.98882705582925,2.39186361857,2.5165,2.16397657138294,1.96861985387814,1.80795177795159,2.37975072716771,193.281853799129,183.989057883383,61.3185538582354,49.2445542667888,80.3923485774922,83.2322992715722,10,20,10,20,20,20,10,20,10,20,10,20
1949,2021.3,13.7833333333333,12.275,15.65,16.955,15.37,15.5233333333333,13.1316666666667,22.1071428571429,23.5875,20.8675,21.6818181818182,22.9625,21.745,11,15,0,0,0,0,0,4,9,3,0,64.5,1,5,4,2,1,5,0.033392516186634,2.1788667824231,2.13790052205538,2.07571227848893,2.3099839661333,2.5165,2.25964003600382,2.1123210560152,1.98882705582925,2.39186361857,94.7414022151453,95.1339459933539,30.7679814760102,81.9083261877371,50.8173387330433,49.2445542667888,10,20,10,20,20,20,10,20,10,20,10,20
1950,1827.4,18.2366666666667,17.13,18.625,12.275,15.65,13.3833333333333,17.0916666666667,21.447619047619,19.52,21,16.0045454545455,18.9125,19.0583333333333,1,8,0,0,0,0,0,1,1,52.2,12,24,7,12,1,8,2,2,0.0914661116707954,2.19015186175612,2.05774844502973,1.88946229386541,2.39841880688954,2.28772727272727,2.1788667824231,2.13790052205538,2.07571227848893,2.3099839661333,233.56980556552,227.170883497897,81.5109665405588,91.2757240520419,65.8804352481865,81.9083261877371,10,20,10,20,20,20,10,20,10,20,10,20
1951,1807.2,19.4966666666667,18.96,19.1,17.13,18.625,13.6766666666667,13.82,19.0142857142857,18.37,21.6825,11.6818181818182,16.4325,16.4233333333333,0,1,0,0,0,0,0,0,0,16,53.6,19.7,2,2,3,8,3,5,0.174414312868936,2.17916184085796,1.97428318936123,1.79399703320793,2.41626530308751,0,2.19015186175612,2.05774844502973,1.88946229386541,2.39841880688954,138.885840806293,128.924540939139,106.025774983676,172.090745552686,91.6628733541871,91.2757240520419,10,20,10,20,20,20,10,20,10,20,10,20
1952,1365.1,19.03,20.065,17.98,18.96,19.1,15.13,13.305,18.8095238095238,18.0975,19.015,16.6,15.0575,10.99,0,0,0,0,0,0,0,0,0,2.2,7.4,33.7,5,6,3,2,4,7,0.119832312697154,2.19288225413418,1.87792883471146,1.564099569874,2.3968180818176,0,2.17916184085796,1.97428318936123,1.79399703320793,2.41626530308751,170.868293200333,158.034455532234,68.0505101862663,126.128192867603,145.686880415516,172.090745552686,10,20,10,20,20,20,10,20,10,20,10,20
1953,2584.6,20.1633333333333,21.055,17.855,20.065,17.98,13.85,14.7866666666667,23.55,23.5775,21.1575,24.4181818181818,21.83,14.1083333333333,2,2,0,0,0,0,0,6,1,0,0,98.1,1,2,0,4,0,4,0.211122896177044,2.15760337320046,1.93395558230532,1.70435955551213,2.42490263067671,2.5165,2.19288225413418,1.87792883471146,1.564099569874,2.3968180818176,114.913144389284,109.841674425101,43.8636696344899,126.327202420284,105.16591336415,126.128192867603,10,20,10,20,20,20,10,20,10,20,10,20
1954,2075.3,17.03,14.695,19.045,21.055,17.855,12.25,14.4383333333333,18.502380952381,17.965,23.5625,17.3909090909091,18.5125,18.34,6,7,2,0,0,0,0,0,0,0,0,51.3,5,0,9,5,3,7,0.158734134409673,2.25533488523883,2.13849088676231,1.94345417768817,2.40959338750061,0,2.15760337320046,1.93395558230532,1.70435955551213,2.42490263067671,187.425693537005,168.244044562171,66.8971808258666,94.2442795849445,103.460428568996,126.327202420284,10,20,10,20,20,20,10,20,10,20,10,20
1955,2259,16.93,16.645,18.205,14.695,19.045,13.4766666666667,16.2966666666667,21.5714285714286,22.3925,17.9175,19.9954545454545,22.2575,16.1,4,2,0,0,0,0,0,0,1,14.1,0,0,7,9,1,0,0,0,0.136735736375939,2.24508236698192,2.10659363476086,1.94374130275012,2.41122782979204,2.5165,2.25533488523883,2.13849088676231,1.94345417768817,2.40959338750061,108.64367911656,119.036484365222,31.0522746335882,25.3741604342597,87.5937892083934,94.2442795849445,10,20,10,20,20,20,10,20,10,20,10,20
1956,2250.2,17.0933333333333,16.06,17.555,16.645,18.205,13.5766666666667,16.075,16.4904761904762,16.4725,21.515,15.4863636363636,16.4175,18.8,1,7,0,0,0,0,0,0,0,0,33.3,0,2,1,7,8,3,0,0.0913648867068419,2.17897771063587,2.06265341852261,1.89018430178926,2.36659413251355,0,2.24508236698192,2.10659363476086,1.94374130275012,2.41122782979204,174.670037370161,159.34231577898,175.311762991071,172.953191401037,25.4753491420258,25.3741604342597,10,20,10,20,20,20,10,20,10,20,10,20
1957,1652.7,15.7266666666667,16.065,15.805,16.06,17.555,13.13,15.84,20.902380952381,19.8675,18.585,17.5818181818182,19.8675,11.5733333333333,5,3,0,0,0,0,0,1,0,21.1,36.1,9.3,4,6,3,2,3,2,0.123749474861097,2.2011880595633,2.05571741921634,1.87201178887374,2.35626703877097,2.5165,2.17897771063587,2.06265341852261,1.89018430178926,2.36659413251355,112.137353352771,111.557101569704,69.6912202855233,89.2099322166681,175.482073445709,172.953191401037,10,20,10,20,20,20,10,20,10,20,10,20
1958,1749.3,16.7633333333333,15.01,18.08,16.065,15.805,14.4633333333333,12.7716666666667,18.3404761904762,18.23,21.0275,16.9681818181818,17.26,15.63,4,11,0,0,0,0,0,0,0,0,0,0,5,4,12,7,0,0,0.0637812717216166,2.19536607159025,2.11730064998212,1.98197623022158,2.37838493778334,0,2.2011880595633,2.05571741921634,1.87201178887374,2.35626703877097,116.614097999934,126.29806459695,203.469012779176,190.75682872231,86.9369085535177,89.2099322166681,10,20,10,20,20,20,10,20,10,20,10,20
1959,1842.2,16.9466666666667,17.715,17.44,15.01,18.08,11.8633333333333,17.0466666666667,20.4285714285714,20.9275,17.17,19.2863636363636,21.105,13.6716666666667,3,4,0,0,0,0,0,0,0,6,45.4,15.5,6,4,2,3,6,3,0.100151672611032,2.17681217774814,2.00972235476061,1.76944226334534,2.37014674991284,2.5165,2.19536607159025,2.11730064998212,1.98197623022158,2.37838493778334,188.799545669948,171.790406727335,86.6744218046784,113.945455576679,193.209830088886,190.75682872231,10,20,10,20,20,20,10,20,10,20,10,20
1960,2880.1,19.8933333333333,20.625,18.635,17.715,17.44,13.2633333333333,13.2216666666667,18.1952380952381,18.0225,20.655,12.7318181818182,15.2175,17.0033333333333,1,5,0,0,0,0,0,0,0,9.1,93.6,227.8,3,2,7,2,6,10,0.105220002455167,2.16184729925791,1.93445169407173,1.75904081031132,2.41128786102129,0,2.17681217774814,2.00972235476061,1.76944226334534,2.37014674991284,118.816338251764,111.941198698532,246.110378892032,342.383109916969,109.31574141164,113.945455576679,10,20,10,20,20,20,10,20,10,20,10,20
1961,886.1,15.0566666666667,16.355,13.62,20.625,18.635,11.5033333333333,14.3066666666667,21.2857142857143,21.1075,17.315,19.0636363636364,21.1975,11.9366666666667,5,1,0,0,0,0,0,0,2,84.2,37.3,7.9,8,7,4,0,4,3,0.192454831070947,2.25216013664153,2.04534380909111,1.77375674594332,2.37474172112426,2.5165,2.16184729925791,1.93445169407173,1.75904081031132,2.41128786102129,204.517290449046,193.836439441274,66.6358852099601,99.8269225519361,343.043900813493,342.383109916969,10,20,10,20,20,20,10,20,10,20,10,20
1962,3442.9,18.62,18.71,18.21,16.355,13.62,13.8866666666667,12.4866666666667,21.1452380952381,19.9775,21.235,18.3,19.245,16.695,1,4,0,0,0,0,1,0,3,1.7,66.6,12.2,2,2,3,1,3,2,0.0757052399097744,2.16957519651594,1.98073000914872,1.75103254062836,2.40124766305283,0.915090909090909,2.25216013664153,2.04534380909111,1.77375674594332,2.37474172112426,90.2339281381245,86.0049646400494,55.5607318766837,93.9010523437329,90.2286471576391,99.8269225519361,10,20,10,20,20,20,10,20,10,20,10,20
1963,2478.4,19.02,17.145,20.19,18.71,18.21,11.8966666666667,14.6483333333333,17.1857142857143,18.7325,19.385,16.9227272727273,18.9475,16.2866666666667,0,5,0,0,0,0,0,0,0,0,0,36.1,3,0,1,5,1,3,0.0214782746591354,2.09606316375892,1.9339565247463,1.73188149723717,2.37252114061043,0,2.16957519651594,1.98073000914872,1.75103254062836,2.40124766305283,130.009053896358,121.334263527284,50.3083704158984,160.221320398189,93.1921116413023,93.9010523437329,10,20,10,20,20,20,10,20,10,20,10,20
1964,2645,16.53,14.52,18.05,17.145,20.19,12.5133333333333,15.22,19.3547619047619,20.745,17.4575,19.3318181818182,20.53,13.7366666666667,5,11,0,0,0,0,0,1,0,21.6,1.6,97.8,9,6,1,4,2,5,0.0102914093275856,2.13706927024734,2.00727389949199,1.71951351523353,2.34094770298429,2.5165,2.09606316375892,1.9339565247463,1.73188149723717,2.37252114061043,176.045788713414,161.446711255746,67.5244025108419,127.402185117999,113.478826396118,160.221320398189,10,20,10,20,20,20,10,20,10,20,10,20
1965,3020.7,17.04,15.865,19.63,14.52,18.05,10.76,16.6666666666667,17.5071428571429,16.5475,22.01,16.7045454545455,15.1975,15.6233333333333,4,6,0,0,0,0,0,1,0,3.3,35.3,42.9,5,3,2,4,5,5,0.264060276866127,2.31646345927634,2.19401476472671,2.05136057074477,2.44284990411816,0,2.13706927024734,2.00727389949199,1.71951351523353,2.34094770298429,107.397810025482,102.880461449955,275.613619783811,322.911666727392,110.754166906772,127.402185117999,10,20,10,20,20,20,10,20,10,20,10,20
1966,1846.1,19.4833333333333,19.91,17.665,15.865,19.63,12.1133333333333,15.3416666666667,19.9309523809524,20.885,20.2925,16.0681818181818,21.0625,13.8916666666667,0,0,0,0,0,0,0,0,0,39.6,124.3,67.2,6,10,3,4,9,6,0.0478271097208274,2.13522296322245,1.81467597047895,1.56988973636295,2.37578435774462,2.5165,2.31646345927634,2.19401476472671,2.05136057074477,2.44284990411816,196.614755322339,191.997253372408,81.1305308541943,234.897221762098,321.930149088688,322.911666727392,10,20,10,20,20,20,10,20,10,20,10,20
1967,2425.9,18.79,18.695,19.815,19.91,17.665,11.98,12.47,20.352380952381,18.675,19.71,16.0636363636364,18.465,14.1683333333333,0,1,0,0,0,0,0,0,0,0,39.2,59.3,1,3,2,5,5,6,0.166735371007595,2.23581034739624,2.02754599103908,1.8551519255433,2.42869033909686,0,2.13522296322245,1.81467597047895,1.56988973636295,2.37578435774462,119.655193403485,114.007352312993,126.35547621481,215.985163857567,217.237109442886,234.897221762098,10,20,10,20,20,20,10,20,10,20,10,20
1968,2419.4,18.26,18.445,17.65,18.695,19.815,10.27,13.0283333333333,20.3595238095238,17.5725,19.915,18.4090909090909,18.025,12.28,1,0,0,0,0,0,1,2,0,0,8.9,44.6,0,1,3,8,3,4,0.0829195070721104,2.16002096006374,1.91381803826126,1.66533186877964,2.38578414725892,0,2.23581034739624,2.02754599103908,1.8551519255433,2.42869033909686,113.665006311935,109.67498965842,125.62026462462,194.23665890849,193.380175535693,215.985163857567,10,20,10,20,20,20,10,20,10,20,10,20
1969,1267.3,15.2333333333333,16.64,14.78,18.445,17.65,11.86,13.9566666666667,20.697619047619,15.745,20.8325,16.4818181818182,18.5975,15.055,7,2,0,0,0,0,0,0,0,37.8,43.3,0,7,4,1,6,1,0,0.0538339011176915,2.17201175603266,1.93492417408089,1.7410268709,2.32396665599451,0,2.16002096006374,1.91381803826126,1.66533186877964,2.38578414725892,209.956067923998,193.422045343177,114.669589576252,126.8733388196,163.291498869008,194.23665890849,10,20,10,20,20,20,10,20,10,20,10,20
1970,2989.8,17.1033333333333,19.41,15.265,16.64,14.78,12.23,13.5633333333333,20.1,18.02,20.6175,15.05,19.845,12.9983333333333,4,2,0,0,0,0,0,0,3,56.5,0,0,6,9,3,6,0,0,0.071912709728989,2.1315238765399,1.74536637737427,1.34842432361749,2.33000120287265,0,2.17201175603266,1.93492417408089,1.7410268709,2.32396665599451,183.365676070926,174.761831413023,59.4781487278583,53.7846598715795,126.678816889865,126.8733388196,10,20,10,20,20,20,10,20,10,20,10,20
1971,1611,20.1766666666667,18.91,21.325,19.41,15.265,12.0533333333333,15.4133333333333,19.6761904761905,18.285,18.8975,16.8681818181818,18.2775,13.6766666666667,0,4,0,0,0,0,0,0,0,10.9,50.3,0,4,5,3,2,1,0,0.0429050188722899,2.12742725619185,1.89692486906899,1.71757453738676,2.39462058197276,0,2.1315238765399,1.74536637737427,1.34842432361749,2.33000120287265,175.401220762606,158.928138937192,89.4437666829973,109.439045042755,54.8560214823344,53.7846598715795,10,20,10,20,20,20,10,20,10,20,10,20
1972,1611,17.9166666666667,17.68,19.46,18.91,21.325,12.91,12.9233333333333,16.9,15.45,19.5625,15.5318181818182,16.885,13.4616666666667,2,1,0,0,0,0,0,0,0,14,25.5,79.5,1,1,7,8,3,4,0.136031259987499,2.22103978713873,2.02527326339354,1.82575238767574,2.40712134955164,0,2.12742725619185,1.89692486906899,1.71757453738676,2.39462058197276,89.2627668615642,87.017496934609,137.780943438664,203.781534362164,109.856447428162,109.439045042755,10,20,10,20,20,20,10,20,10,20,10,20
1973,2735.6,19.91,18.035,20.865,17.68,19.46,11.45,13.1216666666667,21.5880952380952,18.3925,16.93,14.7,14.8125,12.9183333333333,0,3,0,0,0,0,0,0,0,0,90.2,39.6,0,3,1,3,6,3,0.133976683640726,2.22181124364877,2.05338133626517,1.85359472061988,2.43600627698255,0,2.22103978713873,2.02527326339354,1.82575238767574,2.40712134955164,129.462452991648,124.365042128265,137.757742625488,227.329366400405,190.089345513247,203.781534362164,10,20,10,20,20,20,10,20,10,20,10,20
1974,2605,18.43,19.675,18.315,18.035,20.865,13.0733333333333,13.1533333333333,17.6309523809524,16.9,21.8575,10.3681818181818,13.2925,13.5616666666667,0,0,0,0,0,0,0,0,0,0,5,5.6,0,9,1,7,4,2,0.0827968574359501,2.20752582164041,1.94041535061023,1.62198124667054,2.41198600605478,0,2.22181124364877,2.05338133626517,1.85359472061988,2.43600627698255,113.536716848033,166.710660482509,91.6219251901719,88.2462314071366,223.992200779262,227.329366400405,10,20,10,20,20,20,10,20,10,20,10,20
1975,1752.2,17.8333333333333,18.145,18.48,19.675,18.315,12.7566666666667,13.5016666666667,20.8428571428571,16.8475,19.5975,15.6545454545455,18.0775,10.135,2,6,4,0,0,0,0,1,0,1,42.5,27.5,3,1,2,4,8,4,0.0164392587022316,2.05199489029786,1.8441480283278,1.64553972095257,2.33312546427859,0,2.20752582164041,1.94041535061023,1.62198124667054,2.41198600605478,92.8371399915002,89.1287772682342,152.95883178488,206.253167975597,89.4821386429148,88.2462314071366,10,20,10,20,20,20,10,20,10,20,10,20
1976,2483.9,20.3166666666667,19.375,22.105,18.145,18.48,13.9866666666667,14.7383333333333,20.4952380952381,18.795,21.09,15.5909090909091,15.9875,13.6716666666667,0,1,0,0,0,0,0,1,0,0,58.8,143.8,1,0,0,7,5,7,0.101990193055456,2.1515668434783,1.89538389307594,1.65754072879541,2.41353970797326,0.915090909090909,2.05199489029786,1.8441480283278,1.64553972095257,2.33312546427859,81.368365815754,77.4814392687199,133.717381760498,280.87365420958,198.257207846802,206.253167975597,10,20,10,20,20,20,10,20,10,15,10,20
1977,1640.9,17.0766666666667,16.435,17.485,19.375,22.105,11.97,13.8133333333333,19.8571428571429,15.5475,21.4575,15.5318181818182,16.6425,12.2566666666667,3,7,1,0,0,0,0,1,0,9.8,53.6,12.4,2,5,2,9,7,2,0.00205035098231251,2.09836372896016,1.96560887190666,1.81855897494754,2.34187525913164,0,2.1515668434783,1.89538389307594,1.65754072879541,2.41353970797326,108.202901759251,106.517635009699,181.031356883307,264.787916613797,260.930921421557,280.87365420958,10,20,10,20,20,20,10,20,10,20,10,15
1978,1574,16.2933333333333,13.74,18.225,16.435,17.485,11.25,12.4133333333333,21.7047619047619,17.49,21.2675,15.1227272727273,18.335,13.2416666666667,6,9,0,0,0,0,0,2,0,13.8,35.4,0,8,2,3,0,0,0,0,2.08829005515455,1.92690330848264,1.65478680035711,2.3058917901527,0,2.09836372896016,1.96560887190666,1.81855897494754,2.34187525913164,112.077258626444,106.112099377862,76.3291203396366,101.875887746413,259.983192877883,264.787916613797,10,20,10,20,20,20,10,20,10,20,10,20
1979,3288.6,19.0433333333333,18.51,19.45,13.74,18.225,10.7533333333333,12.8166666666667,19.647619047619,17.9725,21.0525,14.5272727272727,16.095,13.775,0,0,0,0,0,0,0,1,0,0,104.7,50.9,2,1,0,1,6,6,0.0187969388026545,2.08091353978133,1.82158945554164,1.57780025977597,2.37241769393405,0,2.08829005515455,1.92690330848264,1.65478680035711,2.3058917901527,119.085187970851,113.389473128178,160.464734810914,272.273682704737,101.058522049933,101.875887746413,10,20,10,20,20,20,10,20,10,20,10,20
1980,1440.2,17.3766666666667,17.955,15.885,18.51,19.45,12.0166666666667,14.1266666666667,21.8690476190476,18.75,20.2275,12.5863636363636,19.42,11.7,5,5,0,0,0,0,0,0,0,40.5,20.5,58.3,6,10,5,0,9,5,0.082314306722218,2.05985590161715,1.87701298897803,1.67760150873343,2.32947937777273,0,2.08091353978133,1.82158945554164,1.57780025977597,2.37241769393405,140.556413124733,134.827228332387,104.621041329984,161.650104432968,272.311378022949,272.273682704737,10,20,10,20,20,20,10,20,10,20,10,20
1981,1788.2,23.9166666666667,21.375,25.55,17.955,15.885,13.99,13.2333333333333,22.352380952381,19.9025,21.495,16.2227272727273,19.9125,13.1583333333333,0,3,0,0,0,3,3,2,0,0,54.5,134.6,2,1,2,2,7,8,0.0552199290519355,2.15276542123638,1.91675829259788,1.70064151421282,2.46205308024091,2.5165,2.05985590161715,1.87701298897803,1.67760150873343,2.32947937777273,137.93820972753,127.687867260045,50.080672428247,190.467727953932,159.328381874771,161.650104432968,10,20,10,20,20,20,10,20,10,20,10,20
1982,2076.1,16.7033333333333,17.325,16.455,21.375,25.55,12.7633333333333,12.215,20.7333333333333,21.585,22.865,14.6181818181818,20.4575,15.55,3,4,0,0,0,0,0,2,0,18.551,142.675,54.262,6,9,0,1,7,6,0.0660540147569064,2.17569658679874,1.98297102657527,1.83223931698799,2.36464897132456,1.83018181818182,2.15276542123638,1.91675829259788,1.70064151421282,2.46205308024091,106.662334655939,106.058935351563,135.463258146269,253.993972367499,177.612092831767,190.467727953932,10,20,10,20,20,20,10,20,10,20,10,20
1983,1281.7,20.98,21.77,19.935,17.325,16.455,12.5166666666667,14.7416666666667,20.1238095238095,19.3225,21.5,14.9409090909091,19.25,14.2266666666667,0,0,0,0,0,0,0,0,1,0,49.023,11.154,0,0,6,6,2,2,0.0709315118490915,2.11801812138471,1.80030777415037,1.50667017559053,2.41509347839306,0,2.17569658679874,1.98297102657527,1.83223931698799,2.36464897132456,143.811173674749,132.828909089397,95.4190077254829,129.182680251799,243.944903474369,253.993972367499,10,20,10,20,20,20,10,20,10,20,10,20
1984,2014.3,22.3966666666667,21.085,22.65,21.77,19.935,10.7633333333333,11.9733333333333,20.1285714285714,17.6475,19.645,15.1136363636364,15.2325,15.0683333333333,0,6,0,0,0,0,0,0,1,30.212,93.093,68.445,4,6,5,0,3,4,0.204709663820227,2.17313791030494,1.99447660279202,1.87106704821215,2.44550928928743,0,2.11801812138471,1.80030777415037,1.50667017559053,2.41509347839306,131.093241037098,123.564981786768,175.172381781057,279.710543804943,121.937070681778,129.182680251799,10,20,10,20,20,20,10,20,10,20,10,20
1985,2120.9,17.87,16.655,18.125,21.085,22.65,16.54,12.3916666666667,20.2214285714286,22.495,20.0775,20.6818181818182,23.0575,12.3183333333333,1,1,0,0,0,0,0,0,3,5.824,0,33.748,2,3,3,2,4,5,0.0628438345687305,2.16765647592899,1.9893592128454,1.79641829616009,2.38177166297361,2.5165,2.17313791030494,1.99447660279202,1.87106704821215,2.44550928928743,123.837571448058,116.227630967168,42.783050874447,61.2975616713614,264.928900673993,279.710543804943,10,20,10,20,20,20,10,20,10,20,10,20
1986,1469.2,19.23,19.835,18.705,16.655,18.125,12.6566666666667,13.695,19.2285714285714,19.925,19.0525,19.5272727272727,19.5725,17.9616666666667,0,0,1,0,0,0,0,0,0,40.157,0,9.152,1,5,5,7,2,3,0.0269989018542401,2.1534288708571,1.84504393382114,1.49778128875551,2.40672652987421,0.686318181818182,2.16765647592899,1.9893592128454,1.79641829616009,2.38177166297361,114.466949509529,112.105780931033,171.834798392991,147.535095529539,61.2927028794805,61.2975616713614,10,20,10,20,20,20,10,20,10,20,10,20
1987,1635.7,17.33,17.17,18.02,19.835,18.705,9.42666666666667,15.5483333333333,23.5547619047619,21.185,19.1825,22.7045454545455,21.6875,15.5216666666667,1,5,1,0,0,0,0,4,0,9.867,1.742,0,3,10,3,2,0,0,0.0698169354134956,2.2174263020906,2.05940419007257,1.84449539522106,2.39455701818017,2.5165,2.1534288708571,1.84504393382114,1.49778128875551,2.40672652987421,109.097381097716,111.283283992375,61.7388432235771,84.9219161554596,138.73934458595,147.535095529539,10,20,10,20,20,20,10,20,10,20,10,20
1988,589,17.25,17.9,16.635,17.17,18.02,9.86666666666667,16.06,19.7380952380952,21.235,22.34,16.9590909090909,21.0575,20.215,0,3,0,0,0,0,0,0,4,51.779,0,72.397,9,13,1,2,0,4,0.0943677450300445,2.17966553645861,1.99427235001956,1.78586393071953,2.36719866588041,1.37263636363636,2.2174263020906,2.05940419007257,1.84449539522106,2.39455701818017,180.948936090326,175.889670348112,52.6545182302627,103.263194284592,61.3645160899527,84.9219161554596,10,20,10,20,20,20,10,20,10,20,10,20
1989,1965.1,16.9066666666667,17.645,15.715,17.9,16.635,10.7833333333333,13.3733333333333,23.4928571428571,21.9025,20.525,21.1227272727273,21.9375,15.8983333333333,1,0,0,0,0,0,0,8,1,19.591,8.307,5.486,11,10,0,2,2,2,0.0787926606090952,2.1573385253047,1.92739017739356,1.64336758644332,2.35513422139224,2.5165,2.17966553645861,1.99427235001956,1.78586393071953,2.36719866588041,141.568356312507,134.451996614579,44.0825735304097,42.532810660677,81.2481342185418,103.263194284592,10,20,10,20,20,20,10,20,10,20,10,20
1990,2013.8,17.93,15.925,19.56,17.645,15.715,10.86,13.73,22.7833333333333,21.065,24.9125,21.6681818181818,21.965,19.37,2,3,0,0,0,0,0,6,3,14.404,1.456,0,2,4,2,2,0,0,0.255456345695588,2.28738746612772,2.15384766574095,1.91210576785799,2.43576245714199,2.5165,2.1573385253047,1.92739017739356,1.64336758644332,2.35513422139224,98.1503701038099,95.919957436591,50.2966085815549,48.4904667279138,43.4662849109793,42.532810660677,10,20,10,20,20,20,10,20,10,20,10,20
1991,1927.4,19.6733333333333,22.335,16.705,15.925,19.56,14.2033333333333,12.4833333333333,23.5904761904762,20.2475,23.6875,21.7318181818182,21.6475,19.9466666666667,1,0,0,0,0,0,0,0,3,18.681,31.928,3.328,6,4,3,4,3,1,0.159133991494985,2.15735908942896,1.75112786410366,1.40977549792425,2.39664403829654,2.5165,2.28738746612772,2.15384766574095,1.91210576785799,2.43576245714199,107.609885442723,104.060833286364,61.8820335208523,91.9021967536002,44.9791595382213,48.4904667279138,10,20,10,20,20,20,10,20,10,20,10,20
1992,1146.8,16.1166666666667,18.68,14,22.335,16.705,13.74,14.7283333333333,21.1261904761905,18.405,21.615,15.9272727272727,18.49,17.9666666666667,5,0,0,0,0,0,0,2,0,121.069,84.474,0,10,15,3,6,2,0,0.0983247663848368,2.20110958007238,1.91754042099846,1.6091324203513,2.34950308147806,1.83018181818182,2.15735908942896,1.75112786410366,1.40977549792425,2.39664403829654,174.751468824206,175.971761904798,114.092380925841,148.042482912127,80.4098388210958,91.9021967536002,10,20,10,20,20,20,10,20,10,20,10,20
1993,822,19.9566666666667,17.885,20.645,18.68,14,11.7066666666667,16.83,21.197619047619,18.9625,22.45,13.3045454545455,14.3875,13.2116666666667,1,1,0,0,0,0,0,0,1,3.081,240.305,19.825,5,6,0,1,7,2,0.156169102307084,2.25020196529196,2.06647425430016,1.90111441254322,2.44057805183582,0,2.20110958007238,1.91754042099846,1.6091324203513,2.34950308147806,190.578373976243,182.469490587812,237.212570262463,328.080331362887,142.509238096738,148.042482912127,10,20,10,20,20,20,10,20,10,20,10,20
1994,1401.2,20.8966666666667,20.15,20.17,17.885,20.645,11.4366666666667,12.695,20.9380952380952,17.8775,21.5275,19.0954545454545,16.1625,12.6,0,1,0,0,0,0,0,0,0,19.825,25.012,40.456,2,2,4,3,4,7,0.224271813436673,2.221086591346,2.03314171383512,1.87050555593895,2.44853806260496,0.228772727272727,2.25020196529196,2.06647425430016,1.90111441254322,2.44057805183582,170.662401295608,156.62916325649,114.02748775892,162.934553315308,327.100682600464,328.080331362887,10,20,10,20,20,20,10,20,10,20,10,20
1995,1217.9,17.13,19.565,15.1,20.15,20.17,11.44,13.7183333333333,21.8785714285714,23.9475,20.3475,19.2181818181818,23.4725,14.3383333333333,5,3,0,0,0,0,0,2,0,86.736,16.744,45.097,9,10,3,2,5,7,0.257153693746874,2.24356715699136,2.02725842489018,1.89820709165612,2.39082742847093,2.5165,2.221086591346,2.03314171383512,1.87050555593895,2.44853806260496,142.747035125123,137.473854460497,41.3527815947269,80.4443840889669,148.573024232926,162.934553315308,10,20,10,20,20,20,10,20,10,20,10,20
1996,1705.4,19.5466666666667,18.855,21.835,19.565,15.1,16.7366666666667,15.7966666666667,21.4333333333333,19.81,21.79,16.7,19.0825,17.0966666666667,2,5,0,0,0,1,2,0,0,0,37.037,52.832,1,3,0,5,5,5,0.0977429520353118,2.1580507080018,1.94374382569634,1.77777112995999,2.40489435376169,2.5165,2.24356715699136,2.02725842489018,1.89820709165612,2.39082742847093,129.119662536316,121.737155802509,62.6110987043566,110.935195355456,74.2109533529211,80.4443840889669,10,20,10,20,20,20,10,20,10,20,10,20
1997,494.2,17.17,14.58,18.68,18.855,21.835,13.7766666666667,13.7216666666667,23.0357142857143,21.46,22.74,21.2090909090909,21.5375,16.06,6,7,0,0,0,0,0,0,1,45.045,38.987,0,7,11,3,3,0,0,0.261673546338147,2.27711740402941,2.14261857673347,1.8813586145477,2.4206477035932,2.5165,2.1580507080018,1.94374382569634,1.77777112995999,2.40489435376169,141.435356182606,142.000064496957,84.3062515189746,84.512608688466,111.637384402549,110.935195355456,10,20,10,20,20,20,10,20,10,20,10,20
1998,591.3,16.6466666666667,19.47,14.275,14.58,18.68,16.8133333333333,17.3083333333333,23.7404761904762,22.175,22.23,17.9181818181818,23.86,21.2883333333333,6,0,0,0,0,0,0,2,4,75.647,31.941,13.039,9,8,1,1,5,3,0.0488877253199815,2.13143409871927,1.86810875209488,1.64205205189966,2.32844410407841,2.5165,2.27711740402941,2.14261857673347,1.8813586145477,2.4206477035932,211.085451969169,203.261467438586,46.577178217945,89.5348039098603,86.9232417932694,84.512608688466,10,20,10,20,20,20,10,20,10,20,10,20
1999,1271,17.5433333333333,19.345,16.39,19.47,14.275,14.7766666666667,11.4183333333333,20.347619047619,20.56,22.215,16.6045454545455,20.5975,17.2266666666667,2,4,0,0,0,0,0,2,0,17.68,12.454,188.682,6,5,4,5,6,10,0.255632615746351,2.25925805850703,2.08391007487878,1.89160089795404,2.41231479262027,2.5165,2.13143409871927,1.86810875209488,1.64205205189966,2.32844410407841,179.931027543794,163.561924952259,97.4602707279046,221.353519060965,71.0542558597675,89.5348039098603,10,20,10,20,20,20,10,20,10,20,10,20
2000,845.6,17.5066666666667,17.545,17.945,19.345,16.39,15.76,13.21,21.8595238095238,20.43,21.8375,17.0636363636364,20.7375,16.575,3,3,0,0,0,0,1,0,0,11.583,24.557,50.986,6,6,3,4,5,5,0.265620988472832,2.25231188187408,2.09097378799677,1.84799263941713,2.42457890205086,2.5165,2.25925805850703,2.08391007487878,1.89160089795404,2.41231479262027,166.499516624427,152.617899664672,73.292219185591,110.266275607759,216.459019663576,221.353519060965,10,20,10,20,20,20,10,20,10,20,10,20
2001,1359.6,21.73,21.06,20.98,17.545,17.945,11.2233333333333,11.18,21.4190476190476,22.175,21.5875,21.3818181818182,21.3,15.4666666666667,0,1,0,0,0,0,0,0,0,1.586,0,22.932,0,3,1,5,0,3,0.0888647211581692,2.12630822419576,1.86525255312541,1.64489705496638,2.43746661263099,2.5165,2.25231188187408,2.09097378799677,1.84799263941713,2.42457890205086,137.509846635999,128.977349550491,72.3841286990301,77.4046159245688,106.718613483974,110.266275607759,10,20,10,20,20,20,10,20,10,20,10,20
2002,795.7,15.4266666666667,14.955,15.3,21.06,20.98,12.9533333333333,13.02,20.7714285714286,20.0225,21.7175,19.2409090909091,20.0225,18.4383333333333,9,9,0,0,0,0,0,1,1,37.31,118.3,37.661,5,5,2,3,6,4,0.198893821826115,2.22489137997015,2.1151681526122,1.98328032470297,2.37801467727921,2.5165,2.12630822419576,1.86525255312541,1.64489705496638,2.43746661263099,116.349816991585,111.850414616224,104.752662958509,163.240157769637,70.8594557226051,77.4046159245688,10,20,10,20,20,20,10,20,10,20,10,20
2003,838.9,19.4933333333333,17.83,19.665,14.955,15.3,14.8666666666667,13.7416666666667,25.5928571428571,20.8075,21.2625,19.2136363636364,24.2675,17.39,0,1,0,0,0,0,1,1,5,23.218,40.963,6.617,3,4,4,3,3,2,0.254548762250822,2.27451546678298,2.10795174801716,1.93303469296694,2.44957784358058,2.5165,2.22489137997015,2.1151681526122,1.98328032470297,2.37801467727921,132.511955791481,124.545010184569,83.8444269339335,91.9690928364213,162.517257738479,163.240157769637,10,20,10,20,20,20,10,20,10,20,10,20
2004,986.6,19.25,17.825,21.275,17.83,19.665,14.4466666666667,14.175,22.0214285714286,20.1375,21.22,19,20.15,20.2416666666667,0,0,0,0,0,0,0,2,0,0,22.802,2.041,1,0,0,10,2,1,0.0602431729789068,2.15837871201114,1.8865189848413,1.57679075284619,2.41051879754295,2.5165,2.27451546678298,2.10795174801716,1.93303469296694,2.44957784358058,101.417751443967,96.595200668653,107.622468654149,94.653412875514,93.7606515853422,91.9690928364213,10,20,10,20,20,20,10,20,10,20,10,20
2005,942.2,21.71,19.6,23.13,17.825,21.275,10.45,13.1933333333333,22.25,22.78,23.045,19.6727272727273,23.1925,19.5666666666667,0,3,0,0,0,0,2,0,6,0,2.236,34.671,0,2,3,1,4,5,0.373093492685333,2.30942047115503,2.16487550175279,2.01559756093604,2.47173576281214,2.5165,2.15837871201114,1.8865189848413,1.57679075284619,2.41051879754295,99.5353983031793,95.9102807554021,46.0527906141419,63.7735346604074,97.6135437579526,94.653412875514,10,20,10,20,20,20,10,20,10,20,10,20
2006,937.5,22.1107451,20.62921945,21.6470177,19.6,23.13,13.17,14.9983333333333,24.4881683809524,20.945699025,20.95,23.7185817727273,22.6290751,19.8583333333333,0,4,0,0,0,0,0,2,6,0,0,9.906,0,6,1,4,0,2,0.186892828461223,2.20606928093974,1.98836390171005,1.7569632883032,2.44794735022085,2.5165,2.30942047115503,2.16487550175279,2.01559756093604,2.47173576281214,101.485491794143,104.207135946811,66.5359401035833,67.6984242319049,64.659758344177,63.7735346604074,10,20,10,20,20,20,10,20,10,20,10,20
2007,708.7,16.8414666666667,18.73,16.0922,20.62921945,21.6470177,12.8574507333333,15.4443185833333,19.7632447619048,22.06831875,22.970102925,18.5920422727273,22.273125,19.4400227333333,4,5,0,0,0,0,0,3,0,19.26632,0.3,17.59872,8,6,2,3,0,3,0.0922799075736073,2.20737019831385,2.00935745114015,1.78930390852035,2.37493942374091,2.5165,2.20606928093974,1.98836390171005,1.7569632883032,2.44794735022085,111.439390676667,107.05969495994,57.6066668304853,59.3957829916898,57.5072105042732,67.6984242319049,10,20,10,20,20,20,10,20,10,20,10,20
2008,780.6,15.91,15.165,17.280125,18.73,16.0922,9.155154,14.9588708333333,19.6333333333333,19.5,21.34242225,17.5318181818182,18.03,17.2485861666667,3,6,3,0,0,0,0,0,0,0.39166,28.1,18.8,7,3,6,5,0,1,0.0220533313704372,2.13933100677113,1.99905120480458,1.82119087837966,2.33181350908712,2.5165,2.20737019831385,2.00935745114015,1.78930390852035,2.37493942374091,184.870550545678,169.115718574764,96.0200696723146,104.096127949516,57.5535496531125,59.3957829916898,10,20,10,20,20,20,10,20,10,20,10,20
2009,862.9,19.3033333333333,20.46,18.195,15.165,17.280125,10.4533333333333,14.1321808333333,21.5238095238095,21.49274475,19.9225,20.5156890909091,21.49274475,15.68,0,1,0,0,0,0,0,2,2,95.7,0.7,0,5,6,2,5,0,0,0.233037107278351,2.24946645812759,2.0307299701069,1.84461810388989,2.42924355707454,2.5165,2.13933100677113,1.99905120480458,1.82119087837966,2.33181350908712,132.7007446191,124.821582582182,55.4553534064268,45.3424656701623,102.168391975872,104.096127949516,10,20,10,20,20,20,10,20,10,20,10,20
2010,905.8,20.5133333333333,20.225,20.039972,20.46,18.195,11.1966666666667,13.7318778333333,24.1500361904762,22.402367,21.1,21.3045454545455,22.8683305,18.295942,0,6,0,0,0,0,0,6,5,22.3,0,7.42446,3,6,1,0,3,3,0.101046716071011,2.14791901450367,1.9528012584515,1.79603163352286,2.40492996437427,2.5165,2.24946645812759,2.0307299701069,1.84461810388989,2.42924355707454,133.195057362877,130.426936368831,25.3345061555652,25.4501340320068,45.5856856844652,45.3424656701623,10,20,10,20,20,20,10,20,10,20,10,20
2011,807.1,18.687899,16.4868485,21.01,20.225,20.039972,13.9833333333333,15.1009378333333,21.1009335714286,22.012675,22.59025725,20.0012045454545,21.645175,19.4283333333333,3,3,0,0,0,0,0,0,4,15.5,20.04948,3.2,4,4,3,1,6,1,0.139469177998498,2.2494829743543,2.0919236033485,1.85851985909451,2.43379132645088,2.5165,2.14791901450367,1.9528012584515,1.79603163352286,2.40492996437427,121.642654588042,116.090322088181,52.4992765258286,59.2910436516002,25.9894353292093,25.4501340320068,10,20,10,20,20,20,10,20,10,20,10,20
2012,649.5,18.6266666666667,19.05,17.37,16.4868485,21.01,15.96,16.9772828333333,19.9333333333333,21.7525,19.5025,16.4090909090909,21.855,20.9254416666667,1,2,0,0,0,0,0,0,0,22.3,71.8,9.8,7,13,2,4,3,2,0.186618261354813,2.18250963425391,1.97753425931181,1.68303031717762,2.40665266217312,2.28772727272727,2.2494829743543,2.0919236033485,1.85851985909451,2.43379132645088,139.214227294415,133.537883180588,93.9198617528342,140.351290841769,60.9886674915957,59.2910436516002,10,20,10,20,20,20,10,20,10,20,10,20
2013,787.3,17.46,17.16,16.64,19.05,17.37,12.3,13.481539,22.3,22.23,20.0683405,21.2185422727273,23.185,15.7233333333333,3,5,0,0,0,0,0,1,2,10.3,2,0,5,8,2,1,0,0,0.0765934843362348,2.16369442597951,1.99685465523878,1.84441700704626,2.36542207569673,2.5165,2.18250963425391,1.97753425931181,1.68303031717762,2.40665266217312,108.839776306372,107.89057819456,51.954890017487,63.4311872035845,119.94503544358,140.351290841769,10,20,10,20,20,20,10,20,10,20,10,20
2014,688.2,15.8566666666667,19.335,12.55,17.16,16.64,12.2633333333333,15.0216666666667,19.1404761904762,20.135,20.8075,18.5,20.725,19.9201278333333,7,0,0,0,0,0,0,0,0,95.8,175,1.4,6,10,4,4,6,1,0.130699309385494,2.20364213459531,1.9664514497458,1.73532004453015,2.35404700223126,2.5165,2.16369442597951,1.99685465523878,1.84441700704626,2.36542207569673,149.294971501941,141.763003486318,144.961665536762,227.183262676495,46.4640553165096,63.4311872035845,10,20,10,20,20,20,10,20,10,20,10,20
2015,868.9,20.26,20.045,20.675,19.335,12.55,10.6366666666667,15.1883333333333,19.7428571428571,20.6225,20.8425,18.4636363636364,20.29,17.65,0,1,0,0,0,0,0,0,1,0.5,101.7,0.2,0,3,4,9,1,1,0.268269187589229,2.25467058688792,2.04493316482595,1.78261609731405,2.44542750119846,2.5165,2.20364213459531,1.9664514497458,1.73532004453015,2.35404700223126,108.679986579952,108.483834187318,108.736167208762,148.144692511436,208.558994319563,227.183262676495,10,20,10,20,20,20,10,20,10,20,10,20
2016,729.5,18.3766666666667,17.005,19.525,20.045,20.675,13.9133333333333,15.67,25.1714285714286,21.755,20.4025,22.6818181818182,23.1725,17.75,0,0,0,0,0,0,0,8,4,5.3,0,29.2,5,8,0,2,0,1,0.0159046828645356,2.09126326495803,1.88422553714339,1.65736891818416,2.35831452482442,2.5165,2.25467058688792,2.04493316482595,1.78261609731405,2.44542750119846,193.165866941826,181.757206164447,35.184449511966,45.2313563654603,133.309569868303,148.144692511436,10,20,10,20,20,20,10,20,10,20,10,20
2017,967.1,19.3266666666667,16.73,20.835,17.005,19.525,11.48,14.185,21.0357142857143,21.8325,24.26,19.8772727272727,21.7875,18.76,3,3,1,0,0,0,0,0,0,28.6,9,0.4,5,7,3,0,2,1,0.089104067524675,2.17520446277905,1.98484077156514,1.79974596132338,2.40970711278896,2.5165,2.09126326495803,1.88422553714339,1.65736891818416,2.35831452482442,155.962678918307,144.767024965588,44.8345298781056,40.7393662304064,41.5969088382015,45.2313563654603,10,20,10,20,20,20,10,20,10,20,10,20
2018,759.6,15.7066666666667,16.225,16.01,16.73,20.835,15.0066666666667,15.695,23.5190476190476,22.75,21.375,21.9772727272727,23.2475,18.26,3,1,0,0,0,0,1,4,3,46.8,6.6,0.1,12,9,2,2,1,0,0.0229438175118181,2.13847587669981,1.93191467854461,1.67155516177366,2.31979702102029,2.5165,2.17520446277905,1.98484077156514,1.79974596132338,2.40970711278896,147.647387647241,136.291476887427,39.9950578573111,35.4167385924894,40.7848037834729,40.7393662304064,10,20,10,20,20,20,10,20,10,20,10,20
2019,816.4,19.2633333333333,19.26,18.215,16.225,16.01,14.3166666666667,15.83,20.9928571428571,21.4225,22.40765625,20.1363636363636,21.995,20.2733333333333,2,4,0,0,0,0,0,0,1,12.2,0.1,28.4,3,4,5,2,3,3,0.16480710369347,2.22261855376359,2.05820583009096,1.82585561982242,2.43503278687365,2.5165,2.13847587669981,1.93191467854461,1.67155516177366,2.31979702102029,101.93739663795,99.6437672220889,59.139883784076,71.4820675279429,36.6438502769504,35.4167385924894,10,20,10,20,20,20,10,20,10,20,10,20
2020,848.3,19.1833333333333,17.275,21.705,19.26,18.215,11.29,15.1583333333333,25.3095238095238,21.82,19.91,21.9090909090909,21.145,17.1866666666667,1,2,0,0,0,0,0,9,2,0,0,0.1,2,2,1,0,0,0,0.0608822143719163,2.15551420436516,1.94431040940708,1.71399503534031,2.40019573946928,2.5165,2.22261855376359,2.05820583009096,1.82585561982242,2.43503278687365,141.033355806109,130.37112693885,44.2939903881981,43.7900981598774,70.4589877625466,71.4820675279429,10,20,10,20,20,20,10,20,10,20,10,20
2021,893.7,16.92,15.6,17.94,17.275,21.705,12.7333333333333,13.8466666666667,20.8460297619048,21.46327075,24.7875,19.9230495454545,21.715,19.7566666666667,4,7,0,0,0,0,0,0,2,0.09166,53,20.1,1,4,6,1,6,4,0.100431594002525,2.18764237994306,2.0564645142858,1.91592264823636,2.37801487080143,2.5165,2.15551420436516,1.94431040940708,1.71399503534031,2.40019573946928,97.6802253167718,97.7830799054609,61.3027584015122,105.481556353418,36.778848469152,43.7900981598774,10,20,10,20,20,20,10,20,10,20,10,20
