Sup;Conf;Lift;Conv;Chi2;Lapl;Leve;Jacc;Cosi;Phi;MI;WRA;Entp;Gini;Cons;Ant
0.043;0.5584415584415584;2.5734634029564902;1.773264705882353;57.24008740326894;0.5569620253164557;0.026291;0.17131474103585656;0.3326543646596706;0.23924900711030953;0.7057663915454117;0.026291;0.023448834903690374;0.00972572049077669;lettuce;potatoes  &  tomatoes
0.032;0.5245901639344263;2.417466193246204;1.6470000000000002;36.17325866880818;0.5238095238095238;0.018763000000000002;0.13008130081300814;0.27813471229581993;0.19019268826326682;1.0500907273720703;0.018763000000000002;0.014906412688615589;0.0061462345536758;lettuce;apples  &  tomatoes
0.027;0.46551724137931033;2.1452407436834577;1.4649677419354838;22.380441168153084;0.4666666666666667;0.014414;0.10887096774193548;0.24066885980419936;0.14960093973018046;1.1227973259266972;0.014414;0.009431477082360529;0.0038026831393219718;lettuce;onions  &  tomatoes
0.02;0.46511627906976744;2.143392991104919;1.4638695652173912;16.279667893225266;0.4666666666666667;0.010669000000000001;0.08333333333333333;0.2070455501142161;0.12759180182607843;1.8234122556832173;0.010669;0.0068373579996784395;0.0027660946514057594;lettuce;oranges  &  tomatoes
0.039;0.4588235294117647;2.114394144754676;1.4468478260869564;31.97226813702708;0.45977011494252873;0.020555;0.1482889733840304;0.2871608811196824;0.17880790848569053;0.5429094189683065;0.020555;0.013604932707366402;0.005432440051430287;lettuce;carrots  &  tomatoes
0.111;0.4220532319391635;1.9449457693049008;1.3547960526315788;88.30799051216228;0.4226415094339623;0.053929;0.3008130081300813;0.4646385481133093;0.2971666039651197;0.09958611481580265;0.053929000000000005;0.040463100050453005;0.01500449897591194;lettuce;tomatoes
0.025;0.4032258064516129;1.8581834398691839;1.312054054054054;13.491091336870106;0.40625;0.011546000000000002;0.0984251968503937;0.21553325960679384;0.1161511572773604;0.9810853984451405;0.011545999999999999;0.005865135833305057;0.00229228482013899;lettuce;confectionery  &  tomatoes
0.031;0.36470588235294116;1.680672268907563;1.2325000000000002;11.928117770567809;0.367816091954023;0.012555;0.11439114391143912;0.22825608499256805;0.1092159226970491;0.514426018336394;0.012555;0.005321549572757156;0.0020267184185148723;lettuce;peas
0.028;0.34146341463414637;1.5735641227380017;1.1890000000000003;8.143912493237345;0.34523809523809523;0.010206;0.1033210332103321;0.2099042530218577;0.09024362854649265;0.5519093590957215;0.010206000000000003;0.0036836707177402284;0.001383740315638482;lettuce;onions  &  potatoes
0.021;0.3088235294117647;1.4231499051233398;1.1328510638297873;3.620591002458538;0.3142857142857143;0.0062439999999999996;0.07954545454545454;0.17287610594755462;0.06017134702213785;0.8071564598078894;0.006244000000000001;0.0016716941303110966;6.151782378186477E-4;lettuce;carrots  &  potatoes
0.053;0.2804232804232804;1.2922731816741033;1.088139705882353;5.517176229033855;0.28272251308900526;0.011986999999999998;0.1501416430594901;0.26170685628910734;0.0742776967133059;0.015437756605836777;0.011986999999999998;0.002631757152802894;9.374289302512828E-4;lettuce;onions
0.075;0.26501766784452296;1.2212795753203822;1.0653317307692307;5.356090545124119;0.26666666666666666;0.013589000000000004;0.17647058823529413;0.30264825812984397;0.07318531645845441;0.04959344447104727;0.013588999999999999;0.0026035472910473922;9.100587006126704E-4;lettuce;potatoes
0.058;0.26244343891402716;1.2094167691890652;1.0616134969325153;3.4480670161434044;0.2645739910313901;0.010043000000000003;0.15263157894736842;0.2648512273201047;0.05872024366556567;0.0033693598147608375;0.010043000000000003;0.0016689124147986623;5.858645147799324E-4;lettuce;apples
0.045;0.2571428571428571;1.184990125082291;1.0540384615384615;2.0117738746903426;0.2598870056497175;0.0070250000000000035;0.12968299711815562;0.23092110260585344;0.044852802305879895;0.026315571119369906;0.007024999999999996;9.740191686452571E-4;3.4182251082248705E-4;lettuce;carrots
0.03;0.24193548387096775;1.1149100639215104;1.0328936170212766;0.5180022942512843;0.24603174603174602;0.003092000000000001;0.09646302250803858;0.18288603532704545;0.022759663755233396;0.16737433954641598;0.003092000000000001;2.5322057121840436E-4;8.80142878185719E-5;lettuce;plums
0.044;0.23783783783783785;1.0960269024785154;1.027340425531915;0.580093409890661;0.24064171122994651;0.0038549999999999973;0.12290502793296089;0.21960233083702613;0.02408512839680664;0.013932686040232388;0.0038550000000000025;2.851376250613269E-4;9.856425136800517E-5;lettuce;oranges
0.029;0.2230769230769231;1.0280042538107055;1.0078217821782178;0.032476564510880955;0.22727272727272727;7.89999999999999E-4;0.09119496855345911;0.17266187581661;0.005698821326456987;0.1391302627576259;7.900000000000019E-4;1.614654137171989E-5;5.518125552606001E-6;lettuce;peaches
0.217;0.217;1.0;1.0;0.0;0.21756487025948104;0.0;0.217;0.4658325879540846;0.0;-1.0;0.0;0.0;0.0;lettuce;
0.022;0.1732283464566929;0.798287310860336;0.9470571428571429;1.6404155880141902;0.17829457364341086;-0.0055590000000000014;0.06832298136645963;0.13252290684605206;-0.04050204424487968;0.15464558379292787;-0.005559000000000001;8.58697958786292E-4;2.7872465297495985E-4;lettuce;bananas
0.048;0.14285714285714285;0.6583278472679394;0.9135;16.37149492387384;0.14497041420118342;-0.024912000000000004;0.09504950495049505;0.1777631476680729;-0.12795114272203215;0.1534758380796583;-0.024912000000000004;0.008635197399302075;0.0027816970740102143;lettuce;confectionery
0.044;0.3384615384615385;1.5315001740341108;1.1775581395348838;11.975281686661162;0.3409090909090909;0.015269999999999995;0.14332247557003258;0.2595881500714177;0.10943163019283389;0.16520676019067967;0.015270000000000002;0.005492647994243316;0.002061652519893875;apples;peaches
0.032;0.2882882882882883;1.3044718927071868;1.0945443037974683;3.2837527368882817;0.2920353982300885;0.007469;0.10666666666666667;0.20431128350296754;0.057304037701441955;0.2634296291046902;0.007469;0.001552772107012046;5.653275874298869E-4;apples;lettuce  &  tomatoes
0.058;0.2672811059907834;1.2094167691890652;1.0631635220125786;3.4480670161434044;0.2694063926940639;0.010043000000000003;0.15263157894736842;0.2648512273201047;0.05872024366556567;0.0033693598147608375;0.010043000000000002;0.0016689124147986623;5.936157694321764E-4;apples;lettuce
0.02;0.24390243902439024;1.1036309458117206;1.0302903225806452;0.27214785202302716;0.25;0.0018780000000000012;0.0706713780918728;0.1485685663800873;0.016496904316356673;0.5668207311088933;0.0018779999999999995;1.331759217991224E-4;4.685270205639913E-5;apples;grapes
0.03;0.24193548387096775;1.0947306962487229;1.0276170212765958;0.36037433464880725;0.24603174603174602;0.0025959999999999976;0.09523809523809523;0.18122340049635335;0.018983527982142995;0.18039281948426888;0.0025960000000000007;1.7686736787281276E-4;6.204168507883967E-5;apples;plums
0.066;0.2332155477031802;1.0552739715076027;1.0159308755760368;0.3421081626692708;0.23508771929824562;0.0034570000000000017;0.1506849315068493;0.26390923083420514;0.018496166161377108;0.039084601131810795;0.003456999999999997;1.6973892519805966E-4;5.889699917704938E-5;apples;potatoes
0.061;0.23193916349809887;1.0494984773669631;1.0142425742574257;0.24804287475811496;0.2339622641509434;0.0028769999999999976;0.14420803782505912;0.25302056659367583;0.015749376964125095;0.01847606660803508;0.002877000000000003;1.2310900930867508E-4;4.270281327556358E-5;apples;tomatoes
0.029;0.2283464566929134;1.0332418854882959;1.0095204081632654;0.04560532882874785;0.23255813953488372;9.329999999999998E-4;0.09090909090909091;0.17310116891332822;0.006753171760643127;0.16499747569734588;9.330000000000011E-4;2.265088166270024E-5;7.851367805788989E-6;apples;bananas
0.221;0.221;1.0;1.0;0.0;0.2215568862275449;0.0;0.221;0.47010637094172636;0.0;-1.0;0.0;0.0;0.0;apples;
0.04;0.21621621621621623;0.9783539195303902;0.9938965517241379;0.030173623909219068;0.2192513368983957;-8.849999999999969E-4;0.1092896174863388;0.19782354961231385;-0.005493052330828386;0.016794150469226454;-8.849999999999981E-4;1.5147870463971813E-5;5.194660918528271E-6;apples;oranges
0.039;0.20634920634920634;0.9337068160597571;0.98154;0.29055845780741435;0.2094240837696335;-0.0027690000000000006;0.10512129380053908;0.1908260093025333;-0.017045775365392278;0.013285982022971477;-0.0027690000000000024;1.4711530557676156E-4;5.002225353756273E-5;apples;onions
0.035;0.2;0.9049773755656109;0.97375;0.5433666235599333;0.2033898305084746;-0.0036749999999999977;0.09695290858725762;0.17797249266332252;-0.023310225729493324;0.029438226903772072;-0.003674999999999998;2.768270260062322E-4;9.354545454542951E-5;apples;carrots
0.053;0.15773809523809523;0.7137470372764491;0.9248904593639576;11.763213912746872;0.15976331360946747;-0.021256000000000004;0.10515873015873016;0.19449574025065894;-0.10845835105120713;0.1376154816951504;-0.021256000000000004;0.0061365718600222;0.002025143144004593;apples;confectionery
0.039;0.8666666666666667;3.2953105196451205;5.527500000000001;88.58910151691757;0.851063829787234;0.027165;0.1449814126394052;0.3584928315408269;0.2976392136747401;2.6136380902143665;0.027164999999999998;0.03829176548412383;0.017171314136125715;tomatoes;carrots  &  lettuce
0.043;0.5733333333333334;2.1799746514575413;1.7273437500000002;40.28590709255825;0.5714285714285714;0.023274999999999997;0.14576271186440679;0.3061681074388289;0.200713495043453;1.1117586562609763;0.023275;0.017563341306210623;0.007808657657657592;tomatoes;lettuce  &  potatoes
0.032;0.5517241379310345;2.0978104103841613;1.644076923076923;26.480125620152236;0.55;0.016745999999999997;0.11072664359861592;0.25909444828535627;0.16272715083891878;1.678973595746569;0.016746;0.011561476312005992;0.005132669229079734;tomatoes;lettuce  &  apples
0.022;0.5365853658536586;2.040248539367523;1.5903684210526317;16.509265030547574;0.5348837209302325;0.011216999999999998;0.07801418439716312;0.21186190753905126;0.12848838480791783;2.795128796335727;0.011217000000000001;0.00721398255366823;0.003200007350136036;tomatoes;carrots  &  onions
0.025;0.5208333333333334;1.9803548795944235;1.5380869565217392;17.2925555423711;0.52;0.012376;0.08741258741258741;0.22250589203403262;0.1315011617529332;2.2241705556329636;0.012376000000000002;0.007599048363235217;0.0033518333333333317;tomatoes;lettuce  &  confectionery
0.111;0.511520737327189;1.9449457693049008;1.5087641509433962;88.30799051216229;0.5114155251141552;0.053929;0.3008130081300813;0.4646385481133093;0.2971666039651197;0.09958611481580265;0.053929;0.04046310005045306;0.017116826108962924;tomatoes;lettuce
0.027;0.5094339622641509;1.9370112633617906;1.5023461538461538;17.534919399501028;0.509090909090909;0.013061;0.09342560553633218;0.22869041105994878;0.13241948270364534;1.9144416356551084;0.013061;0.00773828825718903;0.0033988109621247986;tomatoes;onions  &  lettuce
0.085;0.4857142857142857;1.8468223791417706;1.4330555555555557;54.28214666674975;0.4858757062146893;0.03897500000000001;0.24079320113314448;0.39620689320991187;0.23298529281212105;0.1520094413361626;0.038974999999999996;0.024716404438591744;0.01052156277056282;tomatoes;carrots
0.033;0.4852941176470588;1.8452247819279801;1.4318857142857144;18.60054653132603;0.4857142857142857;0.015116000000000001;0.11073825503355705;0.2467638908017608;0.13638382063619583;1.279344893578321;0.015116;0.008292207095875304;0.00360536253471333;tomatoes;carrots  &  potatoes
0.02;0.45454545454545453;1.7283097131005876;1.3511666666666668;8.711947483027643;0.45652173913043476;0.008428;0.06968641114982578;0.1859198597837567;0.09333781378962999;2.507304984342929;0.008427999999999998;0.003912704092877695;0.001688645492582741;tomatoes;oranges  &  lettuce
0.029;0.35365853658536583;1.34470926458314;1.1402641509433962;3.7876107769398155;0.35714285714285715;0.007434;0.09177215189873418;0.1974754887901561;0.061543568119989726;0.8901890369011867;0.007433999999999998;0.0017887162459616635;7.341563845049137E-4;tomatoes;onions  &  potatoes
0.042;0.3387096774193548;1.2878694958910828;1.1144878048780487;4.18597985698142;0.3412698412698413;0.009388;0.12173913043478261;0.23257368472685272;0.0646991488118771;0.3482353622563276;0.009387999999999995;0.0019990208006240295;8.113726616585382E-4;tomatoes;plums
0.028;0.32941176470588235;1.25251621561172;1.099035087719298;2.1138036154965256;0.3333333333333333;0.005644999999999997;0.0875;0.18727107100972154;0.04597612005700919;0.8272330855360968;0.005644999999999999;0.001011962578120973;4.0972066859523704E-4;tomatoes;peas
0.058;0.30687830687830686;1.1668376687388093;1.0633053435114503;2.3148211194631267;0.3089005235602094;0.008293000000000002;0.14720812182741116;0.26014723674652196;0.04811258795225141;0.06737060224590642;0.008292999999999995;0.0011287754743930511;4.486840924067259E-4;tomatoes;onions
0.025;0.3048780487804878;1.159232124640638;1.0602456140350878;0.8082036579076554;0.30952380952380953;0.0034339999999999996;0.078125;0.17023749033634147;0.02842892291149377;0.8852668479540748;0.0034339999999999987;3.9265008835376314E-4;1.5665492321581542E-4;tomatoes;grapes
0.02;0.2898550724637681;1.1021105416873311;1.0378163265306122;0.27575845080809935;0.29577464788732394;0.001852999999999997;0.0641025641025641;0.14846619424551377;0.01660597635816992;1.215117893860937;0.001853;1.3524732207781387E-4;5.345053627847651E-5;tomatoes;beans
0.061;0.27601809954751133;1.0494984773669631;1.01798125;0.24804287475811498;0.27802690582959644;0.0028769999999999976;0.14420803782505912;0.25302056659367583;0.015749376964125095;0.01847606660803508;0.0028770000000000015;1.231090093087306E-4;4.8078398457107596E-5;tomatoes;apples
0.077;0.27208480565371024;1.0345429872764647;1.0124805825242718;0.16806424380151555;0.2736842105263158;0.002571000000000004;0.16417910447761194;0.28224069518814576;0.01296395941838434;0.0036443375743833877;0.002570999999999994;8.36650763921809E-5;3.2576060440381305E-5;tomatoes;potatoes
0.263;0.263;1.0;1.0;0.0;0.2634730538922156;0.0;0.263;0.5128352561983235;0.0;-1.0;0.0;0.0;0.0;tomatoes;
0.043;0.23243243243243245;0.8837735073476518;0.9601760563380283;1.0942401477537502;0.23529411764705882;-0.005655000000000007;0.10617283950617284;0.19494168568048506;-0.033079300895783044;0.07485119303565642;-0.0056549999999999994;5.584956964223009E-4;2.1209766207919145E-4;tomatoes;oranges
0.028;0.2153846153846154;0.818952910207663;0.9393137254901961;1.7478149781103347;0.2196969696969697;-0.0061900000000000045;0.07671232876712329;0.1514288000540669;-0.04180687716285847;0.3019931912795371;-0.00619;9.063426429485322E-4;3.387807250221364E-4;tomatoes;peaches
0.026;0.2047244094488189;0.7784198077901858;0.9267227722772277;2.548822588937279;0.20930232558139536;-0.007401000000000001;0.07142857142857142;0.14226354066500957;-0.05048586523906745;0.32410617861299207;-0.007401000000000002;0.0013342136704996843;4.940408312362754E-4;tomatoes;bananas
0.062;0.18452380952380953;0.70161144305631;0.9037664233576642;16.077695046450145;0.1863905325443787;-0.026368000000000016;0.1154562383612663;0.20856631911574605;-0.1267978511113267;0.058785154383483015;-0.026368000000000003;0.008374140560782783;0.0031163557085484017;tomatoes;confectionery
0.025;0.6097560975609756;2.1546151857278293;1.8373125000000001;22.496090975745783;0.6046511627906976;0.013397000000000003;0.08361204013377926;0.23208916313174927;0.1499869693531601;3.2015466103258765;0.013397000000000001;0.009923350589645552;0.004564704315979662;potatoes;carrots  &  onions
0.028;0.5283018867924528;1.8667911194079607;1.52004;16.596712724794724;0.5272727272727272;0.013001000000000002;0.09090909090909091;0.22862666367557152;0.12882822953372733;2.203709296382177;0.013001;0.007454023783131314;0.0033676555757008453;potatoes;onions  &  lettuce
0.02;0.5128205128205128;1.812086617740328;1.4717368421052632;10.563630624780032;0.5121951219512195;0.008963000000000002;0.06622516556291391;0.19037261450851212;0.10277952434595151;3.397825289217848;0.008962999999999999;0.004754548285796023;0.002143476853704862;potatoes;onions  &  confectionery
0.029;0.5;1.76678445229682;1.4340000000000002;14.288642398007402;0.5;0.012586000000000003;0.09294871794871795;0.22635536025596517;0.11953510947837631;1.917121435722174;0.012586000000000002;0.006470548436610879;0.002899322717622166;potatoes;onions  &  tomatoes
0.021;0.4666666666666667;1.6489988221436986;1.344375;7.833651361501409;0.46808510638297873;0.008265000000000003;0.06840390879478828;0.18608862207297272;0.0885079169425053;2.7758575745514382;0.008265000000000002;0.003578599584964204;0.0015895340314137085;potatoes;carrots  &  lettuce
0.082;0.43386243386243384;1.5330828051676109;1.2664766355140187;26.139518207189656;0.43455497382198954;0.02851300000000001;0.21025641025641026;0.35455999495676904;0.16167720373382782;0.1275340070439669;0.028513;0.012296765460355297;0.00530399577893903;potatoes;onions
0.068;0.38857142857142857;1.3730439172135287;1.1726635514018693;11.651217396593449;0.3898305084745763;0.018475000000000012;0.17435897435897435;0.3055601190772774;0.10794080505811258;0.1565934734382983;0.018475000000000002;0.00555193923538061;0.0023641601731603235;potatoes;carrots
0.033;0.38823529411764707;1.3718561629598838;1.1720192307692308;5.070083114489119;0.39080459770114945;0.008945000000000002;0.09850746268656717;0.2127704241140581;0.07120451611020975;0.9931835222196655;0.008945000000000003;0.002396587106726633;0.001028775634844159;potatoes;carrots  &  tomatoes
0.043;0.38738738738738737;1.3688600261038424;1.1703970588235295;6.705199176146738;0.3893805309734513;0.011587;0.1225071225071225;0.24261282143049495;0.08188528058293956;0.576988588572001;0.011587000000000002;0.003177438191473425;0.0013605586700311534;potatoes;lettuce  &  tomatoes
0.02;0.37037037037037035;1.3087292239235702;1.1387647058823531;2.1474614960612324;0.375;0.004718000000000002;0.06309148264984227;0.16178561270543004;0.04634071100081691;2.112145842195223;0.004718;0.0010212232592564652;4.357435596272774E-4;potatoes;corn
0.03;0.35294117647058826;1.247141966327167;1.1080909090909095;2.239536303838867;0.3563218390804598;0.005944999999999999;0.08875739644970414;0.19342765828550737;0.047323739326461355;0.9886430006045723;0.005945000000000005;0.0010761380264066034;4.5442655094818374E-4;potatoes;peas
0.024;0.34782608695652173;1.2290674450760486;1.0994000000000002;1.534947173410461;0.352112676056338;0.004473000000000001;0.07317073170731707;0.17174870794805172;0.03917840187412527;1.4286666633061913;0.004473000000000001;7.388700567644291E-4;3.1145766590390256E-4;potatoes;beans
0.075;0.3456221198156682;1.2212795753203824;1.0956971830985915;5.356090545124119;0.3470319634703196;0.013589000000000004;0.17647058823529413;0.30264825812984397;0.07318531645845441;0.04959344447104727;0.013589000000000006;0.0026035472910473922;0.001086809688601642;potatoes;lettuce
0.066;0.2986425339366516;1.055273971507603;1.0223032258064517;0.3421081626692708;0.3004484304932735;0.0034570000000000017;0.1506849315068493;0.26390923083420514;0.018496166161377108;0.039084601131810795;0.0034570000000000043;1.6973892519811518E-4;6.941750939537528E-5;potatoes;apples
0.077;0.29277566539923955;1.0345429872764649;1.0138225806451613;0.16806424380151555;0.2943396226415094;0.002571000000000004;0.16417910447761194;0.28224069518814576;0.01296395941838434;0.0036443375743833877;0.002571000000000008;8.366507639212539E-5;3.4102083774079084E-5;potatoes;tomatoes
0.283;0.283;1.0;1.0;0.0;0.2834331337325349;0.0;0.283;0.5319774431308155;0.0;-1.0;0.0;0.0;0.0;potatoes;
0.035;0.28225806451612906;0.997378319844979;0.9989662921348316;3.84011536943533E-4;0.2857142857142857;-9.199999999999486E-5;0.09408602150537634;0.18683747267230483;-6.196866441545227E-4;0.43500286429592694;-9.199999999999341E-5;1.9209310364587395E-7;7.792016509799993E-8;potatoes;plums
0.035;0.2755905511811024;0.9738182020533653;0.9897717391304348;0.039360054490412834;0.27906976744186046;-9.409999999999905E-4;0.09333333333333334;0.18461754269805397;-0.006273759199268946;0.4091132581170656;-9.409999999999954E-4;1.977038576683743E-5;7.986588016817286E-6;potatoes;bananas
0.035;0.2692307692307692;0.9513454743136722;0.9811578947368421;0.13961685980622754;0.2727272727272727;-0.001789999999999993;0.09259259259259259;0.18247490677070788;-0.011815957845482802;0.3848058691016637;-0.0017899999999999984;7.041013250563832E-5;2.8329796640247373E-5;potatoes;peaches
0.021;0.25609756097560976;0.9049383780056883;0.9638360655737707;0.31860228882667774;0.2619047619047619;-0.002205999999999996;0.061046511627906974;0.13785392971591146;-0.017849433851712945;1.0535592479875113;-0.0022059999999999975;1.6226081338754916E-4;6.464790902804829E-5;potatoes;grapes
0.047;0.25405405405405407;0.8977175054913572;0.9611956521739132;0.9373116651586483;0.25668449197860965;-0.005354999999999992;0.11163895486935867;0.20540867254839507;-0.03061554613523409;0.11420257969232271;-0.005354999999999993;4.766756412549755E-4;1.9019084728910673E-4;potatoes;oranges
0.074;0.22023809523809523;0.7782264849402659;0.9195114503816795;9.823309735972494;0.22189349112426035;-0.021087999999999996;0.13577981651376148;0.23997658195244734;-0.09911261138711103;0.030572931251998368;-0.021087999999999996;0.0050459934050281485;0.001993257601835774;potatoes;confectionery
0.336;0.336;1.0;1.0;0.0;0.33632734530938124;0.0;0.336;0.5796550698475775;0.0;-1.0;0.0;0.0;0.0;confectionery;
0.025;0.29411764705882354;0.8753501400560224;0.9406666666666667;0.7303863016007635;0.2988505747126437;-0.003560000000000004;0.06313131313131314;0.14793158385348465;-0.027025660058558526;1.464312768190133;-0.003560000000000001;3.726860487704986E-4;1.62952105432268E-4;confectionery;peas
0.022;0.2682926829268293;0.7984901277584204;0.9074666666666665;1.8354181606905569;0.27380952380952384;-0.005552000000000005;0.05555555555555555;0.13253974049576697;-0.04284178054995566;1.556495282263627;-0.0055520000000000005;9.502199518980348E-4;4.0948913332272685E-4;confectionery;grapes
0.074;0.26148409893992935;0.7782264849402659;0.8991004784688995;9.823309735972494;0.2631578947368421;-0.021087999999999996;0.13577981651376148;0.23997658195244734;-0.09911261138711103;0.030572931251998368;-0.021087999999999996;0.005045993405028204;0.0021916196953344347;confectionery;potatoes
0.046;0.24864864864864866;0.7400257400257401;0.8837410071942445;7.763293741562645;0.25133689839572193;-0.01616;0.0968421052631579;0.18450253125955762;-0.08810955533631211;0.26121225559491246;-0.01616;0.0040413785199728824;0.0017320218869176784;confectionery;oranges
0.031;0.2440944881889764;0.7264716910386202;0.8784166666666666;5.5076360807443265;0.24806201550387597;-0.011672000000000002;0.07175925925925926;0.15006872566326812;-0.07421344945994848;0.6920403725694991;-0.011672000000000002;0.002886169172760855;0.0012287756401583305;confectionery;bananas
0.02;0.24390243902439024;0.7259001161440185;0.8781935483870966;3.395940498727545;0.25;-0.007552000000000003;0.05025125628140704;0.12049067317796996;-0.05827469861550163;1.559438153694633;-0.007552000000000002;0.0017848980301192752;7.57647909028103E-4;confectionery;onions  &  potatoes
0.053;0.2398190045248869;0.7137470372764491;0.8734761904761904;11.763213912746872;0.242152466367713;-0.021256000000000004;0.10515873015873016;0.19449574025065894;-0.10845835105120713;0.1376154816951504;-0.021256000000000004;0.006136571860022255;0.0026244200767894243;confectionery;apples
0.062;0.23574144486692014;0.7016114430563098;0.8688159203980099;16.077695046450145;0.23773584905660378;-0.026368000000000016;0.1154562383612663;0.20856631911574605;-0.1267978511113267;0.058785154383482995;-0.02636800000000001;0.008374140560782728;0.003586998075643222;confectionery;tomatoes
0.029;0.23387096774193547;0.6960445468509984;0.8666947368421052;6.617724078985386;0.23809523809523808;-0.012663999999999998;0.06728538283062645;0.14207495155261873;-0.08134939507448954;0.7298463062853257;-0.012664000000000003;0.0034910814856556893;0.0014764407129179702;confectionery;plums
0.025;0.22522522522522523;0.6703131703131703;0.8570232558139534;6.867451681578835;0.23008849557522124;-0.012296000000000001;0.05924170616113744;0.12945203458358334;-0.08287008918529551;0.9136848906818065;-0.012296000000000001;0.003647342144500798;0.0015321559399669171;confectionery;lettuce  &  tomatoes
0.048;0.22119815668202766;0.6583278472679395;0.8525917159763313;16.37149492387384;0.2237442922374429;-0.024912000000000004;0.09504950495049505;0.1777631476680729;-0.12795114272203215;0.1534758380796583;-0.024912;0.008635197399302075;0.00365254600349596;confectionery;lettuce
0.039;0.20634920634920634;0.6141345427059712;0.8366399999999998;17.558360133876224;0.2094240837696335;-0.024504000000000005;0.08024691358024691;0.15476190476190477;-0.13250796253009184;0.25445662795189433;-0.024504000000000005;0.009376406230127143;0.003917340379308243;confectionery;onions
0.036;0.2057142857142857;0.6122448979591836;0.8359712230215827;16.138766569059165;0.20903954802259886;-0.0228;0.07578947368421053;0.14846149779161807;-0.12703844524024674;0.3204751182850669;-0.022800000000000004;0.008635131566470555;0.0036006233766234796;confectionery;carrots
0.024;0.18461538461538463;0.5494505494505495;0.8143396226415094;15.349004962631884;0.1893939393939394;-0.019680000000000003;0.05429864253393665;0.11483385035264292;-0.12389110122455078;0.6720247294695183;-0.019680000000000003;0.008385140798174762;0.003424424403183024;confectionery;peaches
0.031;0.14285714285714285;1.6806722689075628;1.0675;11.928117770567809;0.1461187214611872;0.012555;0.11439114391143912;0.22825608499256805;0.10921592269704912;0.514426018336394;0.012554999999999997;0.005321549572757184;9.277093596058439E-4;peas;lettuce
0.022;0.1164021164021164;1.3694366635543105;1.0355389221556885;2.95473657724705;0.12041884816753927;0.005934999999999996;0.0873015873015873;0.17357305838808865;0.05435748869518392;0.3336348677640366;0.005934999999999998;0.001371640654542483;2.2980463729538325E-4;peas;onions
0.028;0.10646387832699619;1.2525162156117198;1.0240212765957448;2.1138036154965256;0.10943396226415095;0.005644999999999997;0.0875;0.18727107100972154;0.04597612005700919;0.8272330855360968;0.005644999999999997;0.001011962578121084;1.644010761951975E-4;peas;tomatoes
0.03;0.10600706713780919;1.2471419663271668;1.023498023715415;2.239536303838867;0.10877192982456141;0.005944999999999999;0.08875739644970414;0.19342765828550737;0.047323739326461355;0.9886430006045724;0.005944999999999999;0.0010761380264067144;1.741799360310825E-4;peas;potatoes
0.031;0.164021164021164;1.3227513227513228;1.047873417721519;3.43632783993351;0.16753926701570682;0.007564000000000001;0.1099290780141844;0.2024976320979853;0.058620199930855876;0.09076695503163126;0.007563999999999999;0.0016146134501393572;3.73267675284894E-4;plums;onions
0.042;0.1596958174904943;1.287869495891083;1.0424796380090497;4.18597985698142;0.16226415094339622;0.009388;0.12173913043478261;0.23257368472685272;0.0646991488118771;0.34823536225632756;0.009388000000000002;0.001999020800624085;4.546978759847331E-4;plums;tomatoes
0.02;0.15384615384615385;1.240694789081886;1.0352727272727273;1.2253920401481608;0.1590909090909091;0.0038800000000000015;0.08547008547008547;0.15752427045264397;0.035005600125525095;0.002415914619251375;0.0038800000000000015;5.807777335417041E-4;1.3310698496915574E-4;plums;peaches
0.028;0.15135135135135136;1.2205754141238012;1.0322292993630573;1.563312877085516;0.15508021390374332;0.005060000000000002;0.099644128113879;0.18486782195792334;0.039538751587341735;0.07885118754411233;0.005060000000000002;7.475895629753815E-4;1.6981329796061928E-4;plums;oranges
0.03;0.1382488479262673;1.1149100639215104;1.0165347593582887;0.5180022942512842;0.1415525114155251;0.003092000000000001;0.09646302250803858;0.18288603532704545;0.022759663755233396;0.16737433954641595;0.0030920000000000027;2.5322057121845987E-4;5.626748121079217E-5;plums;lettuce
0.03;0.13574660633484162;1.0947306962487227;1.013591623036649;0.36037433464880725;0.13901345291479822;0.0025959999999999976;0.09523809523809523;0.18122340049635335;0.018983527982142995;0.18039281948426888;0.002595999999999998;1.768673678729793E-4;3.914530172699493E-5;plums;apples
0.022;0.12571428571428572;1.0138248847926268;1.0019607843137255;0.005738847983655771;0.12994350282485875;3.0000000000000165E-4;0.07942238267148015;0.14934573132646872;0.0023955892769120138;0.055044345326126;3.0000000000000165E-4;2.8605468149756064E-6;6.233766235430593E-7;plums;carrots
0.124;0.124;1.0;1.0;0.0;0.124750499001996;0.0;0.124;0.35213633723318016;0.0;-1.0;0.0;0.0;0.0;plums;
0.035;0.12367491166077739;0.9973783198449789;0.9996290322580645;3.84011536943533E-4;0.12631578947368421;-9.199999999999486E-5;0.09408602150537634;0.18683747267230483;-6.196866441545227E-4;0.43500286429592694;-9.199999999999848E-5;1.9209310386791856E-7;4.171286938081664E-8;plums;potatoes
0.04;0.3076923076923077;2.4227740763173835;1.2610000000000001;44.003321947960295;0.3106060606060606;0.02349;0.18433179723502305;0.31130525702707834;0.20976968786733777;0.046396478673042835;0.023490000000000004;0.017580161838418817;0.004878692307692445;bananas;peaches
0.027;0.14285714285714285;1.124859392575928;1.0185;0.5285339180060767;0.14659685863874344;0.0029969999999999997;0.09342560553633218;0.17427335883476297;0.022989865549978245;0.07743097673992502;0.0029969999999999984;2.5751889872743794E-4;5.859908402316982E-5;bananas;onions
0.026;0.14054054054054055;1.1066184294530752;1.015754716981132;0.3753774317176547;0.1443850267379679;0.0025050000000000003;0.09090909090909091;0.1696233449905406;0.019374659525206;0.06827554852435459;0.002505000000000001;1.835242761358269E-4;4.161847123196338E-5;bananas;oranges
0.029;0.13122171945701358;1.0332418854882959;1.0048593749999999;0.04560532882874785;0.13452914798206278;9.329999999999998E-4;0.09090909090909091;0.17310116891332822;0.006753171760643127;0.16499747569734588;9.330000000000009E-4;2.265088166264473E-5;5.056308412632049E-6;bananas;apples
0.127;0.127;1.0;1.0;0.0;0.1277445109780439;0.0;0.127;0.3563705936241092;0.0;-1.0;0.0;0.0;0.0;bananas;
0.035;0.12367491166077739;0.9738182020533652;0.9962056451612903;0.03936005449041283;0.12631578947368421;-9.409999999999905E-4;0.09333333333333334;0.18461754269805397;-0.006273759199268946;0.4091132581170656;-9.409999999999991E-4;1.977038576689294E-5;4.363888601588428E-6;bananas;potatoes
0.022;0.10138248847926268;0.798287310860336;0.9714923076923077;1.6404155880141902;0.1050228310502283;-0.0055590000000000014;0.06832298136645963;0.13252290684605206;-0.04050204424487968;0.1546455837929279;-0.005558999999999999;8.586979587863475E-4;1.818745166587421E-4;bananas;lettuce
0.04;0.31496062992125984;2.4227740763173835;1.27;44.003321947960295;0.3178294573643411;0.02349;0.18433179723502305;0.31130525702707834;0.20976968786733777;0.046396478673042835;0.02349;0.01758016183841893;0.004976775712314363;peaches;bananas
0.039;0.21081081081081082;1.6216216216216217;1.1023972602739727;13.10661200654854;0.21390374331550802;0.014949999999999998;0.14130434782608695;0.2514820932854728;0.1144841124634704;0.07474940533197558;0.014950000000000001;0.005885220506575861;0.0014823578179407049;peaches;oranges
0.044;0.19909502262443438;1.5315001740341105;1.086271186440678;11.975281686661162;0.20179372197309417;0.015269999999999995;0.14332247557003258;0.2595881500714177;0.10943163019283389;0.16520676019067967;0.015269999999999995;0.005492647994243316;0.0013544043587613297;peaches;apples
0.02;0.16129032258064516;1.2406947890818858;1.0373076923076923;1.2253920401481608;0.16666666666666666;0.0038800000000000015;0.08547008547008547;0.15752427045264397;0.0350056001255251;0.002415914619251375;0.003879999999999999;5.807777335415376E-4;1.385918397406316E-4;peaches;plums
0.029;0.1336405529953917;1.0280042538107055;1.0042021276595745;0.032476564510880955;0.136986301369863;7.89999999999999E-4;0.09119496855345911;0.17266187581661;0.005698821326456987;0.1391302627576259;7.899999999999999E-4;1.614654137171989E-5;3.6730994460443256E-6;peaches;lettuce
0.13;0.13;1.0;1.0;0.0;0.13073852295409183;0.0;0.13;0.36055512754639896;0.0;-1.0;0.0;0.0;0.0;peaches;
0.035;0.12367491166077739;0.9513454743136722;0.9927822580645161;0.13961685980622754;0.12631578947368421;-0.001789999999999993;0.09259259259259259;0.18247490677070788;-0.011815957845482802;0.38480586910166376;-0.00179;7.041013250574935E-5;1.579066684420649E-5;peaches;potatoes
0.028;0.10646387832699619;0.818952910207663;0.9736595744680852;1.7478149781103347;0.10943396226415095;-0.0061900000000000045;0.07671232876712329;0.1514288000540669;-0.04180687716285847;0.30199319127953717;-0.006190000000000003;9.063426429484767E-4;1.9767787402424908E-4;peaches;tomatoes
0.02;0.10582010582010581;0.8140008140008139;0.9729585798816568;1.204722819870856;0.1099476439790576;-0.004570000000000001;0.06688963210702341;0.1275931670584921;-0.03470911724418898;0.06949346617082444;-0.004570000000000002;6.295258962240591E-4;1.362541509273285E-4;peaches;onions
0.033;0.42857142857142855;2.4489795918367347;1.44375;37.15332286760857;0.43037974683544306;0.019525;0.1506849315068493;0.2842821248876057;0.19275197240912628;0.3918246238698364;0.019524999999999997;0.014877366515515189;0.005364010989010959;carrots;potatoes  &  tomatoes
0.022;0.3793103448275862;2.167487684729064;1.3291666666666666;17.801877454853514;0.38333333333333336;0.01185;0.10426540284360189;0.21836833347360465;0.1334236765152779;0.6865684842987793;0.01185;0.0073010214355243575;0.0025701460575444646;carrots;onions  &  tomatoes
0.039;0.35135135135135137;2.007722007722008;1.2718749999999999;26.895944781209124;0.35398230088495575;0.019575000000000002;0.15789473684210525;0.2798234413003284;0.16399983164994142;0.130037632434486;0.019575000000000002;0.011413190863515221;0.0038831020277870776;carrots;lettuce  &  tomatoes
0.085;0.3231939163498099;1.8468223791417708;1.2189606741573034;54.28214666674975;0.32452830188679244;0.03897500000000001;0.24079320113314448;0.39620689320991187;0.23298529281212105;0.1520094413361626;0.038975;0.024716404438591688;0.007836984925011947;carrots;tomatoes
0.025;0.3048780487804878;1.7421602787456447;1.186842105263158;10.436399245581457;0.30952380952380953;0.010650000000000001;0.10775862068965517;0.20869596778242053;0.10215869637765283;0.2996321337265092;0.010650000000000001;0.004549884014256267;0.0015067551410807845;carrots;onions  &  potatoes
0.021;0.28;1.6000000000000003;1.1458333333333333;6.191646191646191;0.2857142857142857;0.007875000000000002;0.09170305676855896;0.1833030277982336;0.07868701412333674;0.3713617173606773;0.007875000000000002;0.0027541706008822886;8.93918918918879E-4;carrots;lettuce  &  potatoes
0.068;0.24028268551236748;1.3730439172135285;1.0859302325581395;11.651217396593449;0.24210526315789474;0.018475000000000012;0.17435897435897435;0.3055601190772774;0.10794080505811258;0.1565934734382983;0.018475;0.005551939235380776;0.0016821445116332878;carrots;potatoes
0.041;0.21693121693121692;1.2396069538926682;1.0535472972972972;2.8380751180351904;0.2198952879581152;0.007925000000000001;0.12693498452012383;0.22544153368356815;0.05327358743350397;0.005770185371689371;0.007925;0.0013587182925359764;4.097470951662796E-4;carrots;onions
0.045;0.2073732718894009;1.184990125082291;1.040843023255814;2.0117738746903426;0.2100456621004566;0.0070250000000000035;0.12968299711815562;0.23092110260585344;0.044852802305879895;0.026315571119369906;0.007025;9.740191686452571E-4;2.904498531582922E-4;carrots;lettuce
0.022;0.1774193548387097;1.0138248847926268;1.0029411764705882;0.005738847983655771;0.18253968253968253;3.0000000000000165E-4;0.07942238267148015;0.14934573132646872;0.0023955892769120138;0.05504434532612602;3.0000000000000247E-4;2.8605468149200952E-6;8.285461776669223E-7;carrots;plums
0.175;0.175;1.0;1.0;0.0;0.17564870259481039;0.0;0.175;0.4183300132670378;0.0;-1.0;0.0;0.0;0.0;carrots;
0.035;0.1583710407239819;0.9049773755656109;0.980241935483871;0.5433666235599333;0.16143497757847533;-0.0036749999999999977;0.09695290858725762;0.17797249266332252;-0.023310225729493324;0.029438226903772072;-0.0036749999999999994;2.768270260062877E-4;7.844855627636704E-5;carrots;apples
0.028;0.15135135135135136;0.8648648648648649;0.9721337579617834;0.8792953578229651;0.15508021390374332;-0.004375;0.08433734939759036;0.15561560402548394;-0.02965291482844419;0.002437555717304748;-0.004374999999999996;4.5270779216072254E-4;1.269482672857647E-4;carrots;oranges
0.036;0.10714285714285714;0.6122448979591837;0.9239999999999999;16.138766569059165;0.10946745562130178;-0.0228;0.07578947368421053;0.14846149779161807;-0.12703844524024674;0.3204751182850669;-0.0228;0.00863513156647061;0.002330034423407845;carrots;confectionery
0.039;0.3;1.6216216216216215;1.1642857142857144;13.10661200654854;0.30303030303030304;0.014949999999999998;0.14130434782608695;0.2514820932854728;0.1144841124634704;0.07474940533197558;0.01495;0.005885220506575806;0.0019761494252874545;oranges;peaches
0.028;0.22580645161290322;1.2205754141238012;1.0527083333333334;1.563312877085516;0.23015873015873015;0.005060000000000002;0.099644128113879;0.18486782195792334;0.039538751587341735;0.07885118754411233;0.005059999999999999;7.475895629752705E-4;2.357084990427527E-4;oranges;plums
0.026;0.2047244094488189;1.1066184294530752;1.0248019801980197;0.3753774317176547;0.20930232558139536;0.0025050000000000003;0.09090909090909091;0.1696233449905406;0.019374659525205996;0.06827554852435459;0.002505;1.835242761358269E-4;5.659753226727737E-5;oranges;bananas
0.044;0.20276497695852536;1.0960269024785154;1.0222832369942196;0.580093409890661;0.2054794520547945;0.0038549999999999973;0.12290502793296089;0.21960233083702613;0.02408512839680664;0.013932686040232388;0.0038550000000000025;2.851376250613824E-4;8.746358387634601E-5;oranges;lettuce
0.185;0.185;1.0;1.0;0.0;0.18562874251497005;0.0;0.185;0.4301162633521313;0.0;-1.0;0.0;0.0;0.0;oranges;
0.04;0.18099547511312217;0.9783539195303901;0.9951104972375691;0.030173623909219068;0.18385650224215247;-8.849999999999969E-4;0.1092896174863388;0.19782354961231385;-0.005493052330828386;0.016794150469226454;-8.850000000000006E-4;1.5147870464027324E-5;4.549428144984269E-6;oranges;apples
0.02;0.18018018018018017;0.9739469198928659;0.994120879120879;0.01923771502731642;0.18584070796460178;-5.350000000000008E-4;0.07246376811594203;0.13956696743089791;-0.004386081967692416;0.12691314535155646;-5.350000000000008E-4;9.676178781226064E-6;2.900566483221567E-6;oranges;tomatoes  &  lettuce
0.032;0.1693121693121693;0.9152009152009152;0.9811146496815286;0.3803972773585396;0.17277486910994763;-0.0029650000000000024;0.0935672514619883;0.1711327826175607;-0.019503775976936852;6.239276610286189E-4;-0.0029650000000000015;1.9354843184848924E-4;5.735439949372534E-5;oranges;onions
0.047;0.16607773851590105;0.897717505491357;0.9773093220338982;0.9373116651586483;0.16842105263157894;-0.005354999999999992;0.11163895486935867;0.20540867254839507;-0.03061554613523409;0.11420257969232273;-0.005355000000000003;4.7667564125508655E-4;1.413231663144332E-4;oranges;potatoes
0.043;0.1634980988593156;0.8837735073476519;0.9742954545454544;1.0942401477537502;0.1660377358490566;-0.005655000000000007;0.10617283950617284;0.19494168568048506;-0.033079300895783044;0.07485119303565642;-0.005654999999999997;5.584956964221344E-4;1.649840582775841E-4;oranges;tomatoes
0.028;0.16;0.8648648648648649;0.9702380952380952;0.8792953578229651;0.1638418079096045;-0.004375;0.08433734939759036;0.15561560402548394;-0.02965291482844419;0.002437555717304748;-0.004374999999999999;4.5270779216072254E-4;1.3257575757585904E-4;oranges;carrots
0.046;0.13690476190476192;0.7400257400257401;0.9442758620689654;7.763293741562643;0.1390532544378698;-0.01616;0.0968421052631579;0.18450253125955762;-0.08810955533631211;0.2612122555949125;-0.016159999999999997;0.004041378519972938;0.0011705106138841792;oranges;confectionery
0.029;0.37662337662337664;1.9927162784305643;1.3009791666666666;19.15932749516248;0.379746835443038;0.014447000000000002;0.12236286919831224;0.24039295346263034;0.13841722253810212;0.45389310147179884;0.014447000000000002;0.0081198162200381;0.002936722559130911;onions;tomatoes  &  potatoes
0.028;0.37333333333333335;1.9753086419753088;1.2941489361702125;17.973995368158953;0.37662337662337664;0.013825;0.11864406779661017;0.2351778943168525;0.13406713008101184;0.4804667805916266;0.013825;0.007629442785046792;0.002755036036035996;onions;lettuce  &  potatoes
0.025;0.36764705882352944;1.9452225334578277;1.2825116279069768;15.19154984897267;0.37142857142857144;0.012148;0.10775862068965517;0.2205233850104013;0.12325400540742143;0.5916201409490635;0.012148000000000003;0.006461103826427506;0.002328545569300733;onions;carrots  &  potatoes
0.082;0.28975265017667845;1.5330828051676109;1.141855721393035;26.139518207189656;0.2912280701754386;0.02851300000000001;0.21025641025641026;0.35455999495676904;0.16167720373382782;0.1275340070439669;0.028512999999999997;0.012296765460355463;0.004006639211279861;onions;potatoes
0.02;0.2702702702702703;1.43000143000143;1.1113703703703703;3.44351106415912;0.27631578947368424;0.006014;0.0823045267489712;0.16911542981061367;0.05868143713440494;0.47245054069214715;0.006014000000000001;0.0015799927284928517;5.278179324031962E-4;onions;confectionery  &  potatoes
0.022;0.25882352941176473;1.3694366635543107;1.0942063492063492;2.9547365772470506;0.26436781609195403;0.005934999999999996;0.0873015873015873;0.17357305838808865;0.05435748869518392;0.3336348677640366;0.005935000000000003;0.0013716406545424276;4.528990678237532E-4;onions;peas
0.022;0.25882352941176473;1.3694366635543107;1.0942063492063492;2.9547365772470506;0.26436781609195403;0.005934999999999996;0.0873015873015873;0.17357305838808865;0.05435748869518392;0.3336348677640366;0.005935000000000003;0.0013716406545424276;4.528990678237532E-4;onions;carrots  &  tomatoes
0.031;0.25;1.3227513227513228;1.0813333333333333;3.43632783993351;0.25396825396825395;0.007564000000000001;0.1099290780141844;0.2024976320979853;0.058620199930855876;0.09076695503163126;0.0075639999999999995;0.0016146134501393572;5.267168949771861E-4;onions;plums
0.053;0.24423963133640553;1.2922731816741033;1.073091463414634;5.517176229033856;0.2465753424657534;0.011986999999999998;0.1501416430594901;0.26170685628910734;0.0742776967133059;0.01543775660583678;0.011987;0.002631757152802894;8.456672552099587E-4;onions;lettuce
0.027;0.24324324324324326;1.287001287001287;1.0716785714285713;2.3967892948820264;0.24778761061946902;0.006020999999999999;0.0989010989010989;0.18641092980036003;0.04895701476685466;0.14287784131375372;0.006021000000000001;0.0011317684902045766;3.6737746633030977E-4;onions;lettuce  &  tomatoes
0.041;0.2342857142857143;1.2396069538926682;1.059141791044776;2.8380751180351904;0.23728813559322035;0.007925000000000001;0.12693498452012383;0.22544153368356815;0.05327358743350397;0.0057701853716893734;0.007925;0.001358718292535921;4.3501731601736093E-4;onions;carrots
0.058;0.22053231939163498;1.1668376687388093;1.0404536585365853;2.314821119463127;0.22264150943396227;0.008293000000000002;0.14720812182741116;0.26014723674652196;0.0481125879522514;0.06737060224590642;0.008293;0.0011287754743930511;3.548134663702296E-4;onions;tomatoes
0.027;0.2125984251968504;1.124859392575928;1.02997;0.5285339180060767;0.21705426356589147;0.0029969999999999997;0.09342560553633218;0.17427335883476297;0.022989865549978245;0.07743097673992502;0.0029970000000000014;2.5751889872749345E-4;8.101315041808554E-5;onions;bananas
0.189;0.189;1.0;1.0;0.0;0.18962075848303392;0.0;0.189;0.43474130238568315;0.0;-1.0;0.0;0.0;0.0;onions;
0.039;0.17647058823529413;0.9337068160597572;0.9847857142857143;0.29055845780741435;0.17937219730941703;-0.0027690000000000006;0.10512129380053908;0.1908260093025333;-0.017045775365392278;0.013285982022971477;-0.0027689999999999976;1.4711530557687258E-4;4.4536509854253836E-5;onions;apples
0.032;0.17297297297297298;0.9152009152009153;0.9806209150326797;0.3803972773585396;0.17647058823529413;-0.0029650000000000024;0.0935672514619883;0.1711327826175607;-0.019503775976936852;6.239276610286189E-4;-0.0029649999999999985;1.9354843184865578E-4;5.830691427632928E-5;onions;oranges
0.02;0.15384615384615385;0.814000814000814;0.9584545454545454;1.204722819870856;0.1590909090909091;-0.004570000000000001;0.06688963210702341;0.1275931670584921;-0.03470911724418898;0.06949346617082444;-0.004569999999999999;6.295258962241701E-4;1.8465870910699955E-4;onions;peaches
0.039;0.11607142857142858;0.6141345427059713;0.9174949494949495;17.558360133876224;0.11834319526627218;-0.024504000000000005;0.08024691358024691;0.15476190476190477;-0.13250796253009184;0.2544566279518944;-0.024504;0.009376406230127254;0.002691327882960337;onions;confectionery
