"scenario","n_train","train_end_year","year","actual","model","predicted"
1,71,2004,2005,1520,"Naive",1404.1907444668
1,71,2004,2006,1518,"Naive",1413.54897719651
1,71,2004,2007,1245,"Naive",1422.90720992622
1,71,2004,2008,1177,"Naive",1432.26544265593
1,71,2004,2009,1154,"Naive",1441.62367538565
1,71,2004,2010,1467,"Naive",1450.98190811536
1,71,2004,2011,1187,"Naive",1460.34014084507
1,71,2004,2012,1200,"Naive",1469.69837357478
1,71,2004,2013,1372,"Naive",1479.05660630449
1,71,2004,2014,1246,"Naive",1488.4148390342
1,71,2004,2015,1440,"Naive",1497.77307176391
1,71,2004,2016,1160,"Naive",1507.13130449363
1,71,2004,2017,1277,"Naive",1516.48953722334
1,71,2004,2018,1160,"Naive",1525.84776995305
1,71,2004,2019,1571,"Naive",1535.20600268276
1,71,2004,2020,1122,"Naive",1544.56423541247
1,71,2004,2021,1453,"Naive",1553.92246814218
1,71,2004,2022,1287,"Naive",1563.2807008719
1,71,2004,2005,1520,"DT",1755.8650528169
1,71,2004,2006,1518,"DT",1544.6487721199
1,71,2004,2007,1245,"DT",998.466260060361
1,71,2004,2008,1177,"DT",1302.27454099597
1,71,2004,2009,1154,"DT",1572.72347030903
1,71,2004,2010,1467,"DT",1286.35661748267
1,71,2004,2011,1187,"DT",1295.71485021238
1,71,2004,2012,1200,"DT",1301.40962441314
1,71,2004,2013,1372,"DT",1830.73091465459
1,71,2004,2014,1246,"DT",1125.49557344064
1,71,2004,2015,1440,"DT",1849.44738011402
1,71,2004,2016,1160,"DT",1863.33520008942
1,71,2004,2017,1277,"DT",1647.58933214672
1,71,2004,2018,1160,"DT",1365.05931541631
1,71,2004,2019,1571,"DT",1666.30579760615
1,71,2004,2020,1122,"DT",1675.66403033586
1,71,2004,2021,1453,"DT",1685.02226306557
1,71,2004,2022,1287,"DT",1617.52127287534
1,71,2004,2005,1520,"CarenR_Assoc",NA
1,71,2004,2006,1518,"CarenR_Assoc",NA
1,71,2004,2007,1245,"CarenR_Assoc",NA
1,71,2004,2008,1177,"CarenR_Assoc",NA
1,71,2004,2009,1154,"CarenR_Assoc",NA
1,71,2004,2010,1467,"CarenR_Assoc",NA
1,71,2004,2011,1187,"CarenR_Assoc",NA
1,71,2004,2012,1200,"CarenR_Assoc",NA
1,71,2004,2013,1372,"CarenR_Assoc",NA
1,71,2004,2014,1246,"CarenR_Assoc",NA
1,71,2004,2015,1440,"CarenR_Assoc",NA
1,71,2004,2016,1160,"CarenR_Assoc",NA
1,71,2004,2017,1277,"CarenR_Assoc",NA
1,71,2004,2018,1160,"CarenR_Assoc",NA
1,71,2004,2019,1571,"CarenR_Assoc",NA
1,71,2004,2020,1122,"CarenR_Assoc",NA
1,71,2004,2021,1453,"CarenR_Assoc",NA
1,71,2004,2022,1287,"CarenR_Assoc",NA
1,71,2004,2005,1520,"CarenR_Dist",1404.1907444668
1,71,2004,2006,1518,"CarenR_Dist",1413.54897719651
1,71,2004,2007,1245,"CarenR_Dist",1422.90720992622
1,71,2004,2008,1177,"CarenR_Dist",1432.26544265593
1,71,2004,2009,1154,"CarenR_Dist",1441.62367538565
1,71,2004,2010,1467,"CarenR_Dist",1450.98190811536
1,71,2004,2011,1187,"CarenR_Dist",1460.34014084507
1,71,2004,2012,1200,"CarenR_Dist",1469.69837357478
1,71,2004,2013,1372,"CarenR_Dist",1479.05660630449
1,71,2004,2014,1246,"CarenR_Dist",1488.4148390342
1,71,2004,2015,1440,"CarenR_Dist",1497.77307176391
1,71,2004,2016,1160,"CarenR_Dist",1507.13130449363
1,71,2004,2017,1277,"CarenR_Dist",1516.48953722334
1,71,2004,2018,1160,"CarenR_Dist",1525.84776995305
1,71,2004,2019,1571,"CarenR_Dist",1535.20600268276
1,71,2004,2020,1122,"CarenR_Dist",1544.56423541247
1,71,2004,2021,1453,"CarenR_Dist",1553.92246814218
1,71,2004,2022,1287,"CarenR_Dist",1563.2807008719
1,71,2004,2005,1520,"M5Rules",1479.10030168327
1,71,2004,2006,1518,"M5Rules",1067.41199919078
1,71,2004,2007,1245,"M5Rules",1295.68575899874
1,71,2004,2008,1177,"M5Rules",1208.81242931334
1,71,2004,2009,1154,"M5Rules",1311.81057085811
1,71,2004,2010,1467,"M5Rules",1238.3629628873
1,71,2004,2011,1187,"M5Rules",1339.01747055722
1,71,2004,2012,1200,"M5Rules",1272.21991528151
1,71,2004,2013,1372,"M5Rules",1559.94706400117
1,71,2004,2014,1246,"M5Rules",1466.02426144624
1,71,2004,2015,1440,"M5Rules",1351.95958026674
1,71,2004,2016,1160,"M5Rules",1447.97377749672
1,71,2004,2017,1277,"M5Rules",1374.34993993654
1,71,2004,2018,1160,"M5Rules",1346.93474310783
1,71,2004,2019,1571,"M5Rules",1633.12243589434
1,71,2004,2020,1122,"M5Rules",1392.36273270569
1,71,2004,2021,1453,"M5Rules",1368.48717713335
1,71,2004,2022,1287,"M5Rules",1523.59671312261
2,72,2005,2006,1518,"Naive",1419.98282472613
2,72,2005,2007,1245,"Naive",1429.47325980235
2,72,2005,2008,1177,"Naive",1438.96369487856
2,72,2005,2009,1154,"Naive",1448.45412995477
2,72,2005,2010,1467,"Naive",1457.94456503098
2,72,2005,2011,1187,"Naive",1467.43500010719
2,72,2005,2012,1200,"Naive",1476.9254351834
2,72,2005,2013,1372,"Naive",1486.41587025961
2,72,2005,2014,1246,"Naive",1495.90630533582
2,72,2005,2015,1440,"Naive",1505.39674041203
2,72,2005,2016,1160,"Naive",1514.88717548824
2,72,2005,2017,1277,"Naive",1524.37761056445
2,72,2005,2018,1160,"Naive",1533.86804564066
2,72,2005,2019,1571,"Naive",1543.35848071687
2,72,2005,2020,1122,"Naive",1552.84891579308
2,72,2005,2021,1453,"Naive",1562.3393508693
2,72,2005,2022,1287,"Naive",1571.82978594551
2,72,2005,2006,1518,"DT",1549.63178364179
2,72,2005,2007,1245,"DT",1001.73826813621
2,72,2005,2008,1177,"DT",1306.98424959001
2,72,2005,2009,1154,"DT",1578.10308887042
2,72,2005,2010,1467,"DT",1292.2616556263
2,72,2005,2011,1187,"DT",1301.75209070251
2,72,2005,2012,1200,"DT",1310.66378866808
2,72,2005,2013,1372,"DT",1809.89991532146
2,72,2005,2014,1246,"DT",1131.3124766866
2,72,2005,2015,1440,"DT",1828.88078547388
2,72,2005,2016,1160,"DT",1868.18261946106
2,72,2005,2017,1277,"DT",1654.02656948011
2,72,2005,2018,1160,"DT",1370.02634643477
2,72,2005,2019,1571,"DT",1673.00743963253
2,72,2005,2020,1122,"DT",1682.49787470874
2,72,2005,2021,1453,"DT",1691.98830978495
2,72,2005,2022,1287,"DT",1625.54784391279
2,72,2005,2006,1518,"CarenR_Assoc",NA
2,72,2005,2007,1245,"CarenR_Assoc",NA
2,72,2005,2008,1177,"CarenR_Assoc",NA
2,72,2005,2009,1154,"CarenR_Assoc",NA
2,72,2005,2010,1467,"CarenR_Assoc",NA
2,72,2005,2011,1187,"CarenR_Assoc",NA
2,72,2005,2012,1200,"CarenR_Assoc",NA
2,72,2005,2013,1372,"CarenR_Assoc",NA
2,72,2005,2014,1246,"CarenR_Assoc",NA
2,72,2005,2015,1440,"CarenR_Assoc",NA
2,72,2005,2016,1160,"CarenR_Assoc",NA
2,72,2005,2017,1277,"CarenR_Assoc",NA
2,72,2005,2018,1160,"CarenR_Assoc",NA
2,72,2005,2019,1571,"CarenR_Assoc",NA
2,72,2005,2020,1122,"CarenR_Assoc",NA
2,72,2005,2021,1453,"CarenR_Assoc",NA
2,72,2005,2022,1287,"CarenR_Assoc",NA
2,72,2005,2006,1518,"CarenR_Dist",1419.98282472613
2,72,2005,2007,1245,"CarenR_Dist",1429.47325980235
2,72,2005,2008,1177,"CarenR_Dist",1438.96369487856
2,72,2005,2009,1154,"CarenR_Dist",1448.45412995477
2,72,2005,2010,1467,"CarenR_Dist",1457.94456503098
2,72,2005,2011,1187,"CarenR_Dist",1467.43500010719
2,72,2005,2012,1200,"CarenR_Dist",1476.9254351834
2,72,2005,2013,1372,"CarenR_Dist",1486.41587025961
2,72,2005,2014,1246,"CarenR_Dist",1495.90630533582
2,72,2005,2015,1440,"CarenR_Dist",1505.39674041203
2,72,2005,2016,1160,"CarenR_Dist",1514.88717548824
2,72,2005,2017,1277,"CarenR_Dist",1524.37761056445
2,72,2005,2018,1160,"CarenR_Dist",1533.86804564066
2,72,2005,2019,1571,"CarenR_Dist",1543.35848071687
2,72,2005,2020,1122,"CarenR_Dist",1552.84891579308
2,72,2005,2021,1453,"CarenR_Dist",1562.3393508693
2,72,2005,2022,1287,"CarenR_Dist",1571.82978594551
2,72,2005,2006,1518,"M5Rules",1339.90769391601
2,72,2005,2007,1245,"M5Rules",1299.66129296987
2,72,2005,2008,1177,"M5Rules",1281.0282720112
2,72,2005,2009,1154,"M5Rules",1310.87765888076
2,72,2005,2010,1467,"M5Rules",1409.88709523116
2,72,2005,2011,1187,"M5Rules",1329.26349894979
2,72,2005,2012,1200,"M5Rules",1502.15399425227
2,72,2005,2013,1372,"M5Rules",1579.27692176176
2,72,2005,2014,1246,"M5Rules",1440.23146530691
2,72,2005,2015,1440,"M5Rules",1519.41725229922
2,72,2005,2016,1160,"M5Rules",1546.47018016497
2,72,2005,2017,1277,"M5Rules",1391.04910683119
2,72,2005,2018,1160,"M5Rules",1390.24905064231
2,72,2005,2019,1571,"M5Rules",1626.15622347699
2,72,2005,2020,1122,"M5Rules",1407.5692880597
2,72,2005,2021,1453,"M5Rules",1057.69884880057
2,72,2005,2022,1287,"M5Rules",1429.4997169922
3,73,2006,2007,1245,"Naive",1434.84406392694
3,73,2006,2008,1177,"Naive",1444.44336665433
3,73,2006,2009,1154,"Naive",1454.04266938171
3,73,2006,2010,1467,"Naive",1463.6419721091
3,73,2006,2011,1187,"Naive",1473.24127483648
3,73,2006,2012,1200,"Naive",1482.84057756387
3,73,2006,2013,1372,"Naive",1492.43988029125
3,73,2006,2014,1246,"Naive",1502.03918301864
3,73,2006,2015,1440,"Naive",1511.63848574602
3,73,2006,2016,1160,"Naive",1521.23778847341
3,73,2006,2017,1277,"Naive",1530.83709120079
3,73,2006,2018,1160,"Naive",1540.43639392818
3,73,2006,2019,1571,"Naive",1550.03569665556
3,73,2006,2020,1122,"Naive",1559.63499938295
3,73,2006,2021,1453,"Naive",1569.23430211033
3,73,2006,2022,1287,"Naive",1578.83360483772
3,73,2006,2007,1245,"DT",1004.43274250278
3,73,2006,2008,1177,"DT",1310.86265966309
3,73,2006,2009,1154,"DT",1579.98064649777
3,73,2006,2010,1467,"DT",1297.12441071208
3,73,2006,2011,1187,"DT",1306.72371343947
3,73,2006,2012,1200,"DT",1318.28452425028
3,73,2006,2013,1372,"DT",1814.32719980254
3,73,2006,2014,1246,"DT",1136.10265333827
3,73,2006,2015,1440,"DT",1833.52580525731
3,73,2006,2016,1160,"DT",1872.17443333745
3,73,2006,2017,1277,"DT",1656.77506831685
3,73,2006,2018,1160,"DT",1374.11665961461
3,73,2006,2019,1571,"DT",1675.97367377162
3,73,2006,2020,1122,"DT",1685.57297649901
3,73,2006,2021,1453,"DT",1695.17227922639
3,73,2006,2022,1287,"DT",1632.15766559123
3,73,2006,2007,1245,"CarenR_Assoc",NA
3,73,2006,2008,1177,"CarenR_Assoc",NA
3,73,2006,2009,1154,"CarenR_Assoc",NA
3,73,2006,2010,1467,"CarenR_Assoc",NA
3,73,2006,2011,1187,"CarenR_Assoc",NA
3,73,2006,2012,1200,"CarenR_Assoc",NA
3,73,2006,2013,1372,"CarenR_Assoc",NA
3,73,2006,2014,1246,"CarenR_Assoc",NA
3,73,2006,2015,1440,"CarenR_Assoc",NA
3,73,2006,2016,1160,"CarenR_Assoc",NA
3,73,2006,2017,1277,"CarenR_Assoc",NA
3,73,2006,2018,1160,"CarenR_Assoc",NA
3,73,2006,2019,1571,"CarenR_Assoc",NA
3,73,2006,2020,1122,"CarenR_Assoc",NA
3,73,2006,2021,1453,"CarenR_Assoc",NA
3,73,2006,2022,1287,"CarenR_Assoc",NA
3,73,2006,2007,1245,"CarenR_Dist",1434.84406392694
3,73,2006,2008,1177,"CarenR_Dist",1444.44336665433
3,73,2006,2009,1154,"CarenR_Dist",1454.04266938171
3,73,2006,2010,1467,"CarenR_Dist",1463.6419721091
3,73,2006,2011,1187,"CarenR_Dist",1473.24127483648
3,73,2006,2012,1200,"CarenR_Dist",1482.84057756387
3,73,2006,2013,1372,"CarenR_Dist",1492.43988029125
3,73,2006,2014,1246,"CarenR_Dist",1502.03918301864
3,73,2006,2015,1440,"CarenR_Dist",1511.63848574602
3,73,2006,2016,1160,"CarenR_Dist",1521.23778847341
3,73,2006,2017,1277,"CarenR_Dist",1530.83709120079
3,73,2006,2018,1160,"CarenR_Dist",1540.43639392818
3,73,2006,2019,1571,"CarenR_Dist",1550.03569665556
3,73,2006,2020,1122,"CarenR_Dist",1559.63499938295
3,73,2006,2021,1453,"CarenR_Dist",1569.23430211033
3,73,2006,2022,1287,"CarenR_Dist",1578.83360483772
3,73,2006,2007,1245,"M5Rules",1351.16487395999
3,73,2006,2008,1177,"M5Rules",1399.80992209566
3,73,2006,2009,1154,"M5Rules",1491.20295652576
3,73,2006,2010,1467,"M5Rules",1333.83724822915
3,73,2006,2011,1187,"M5Rules",1510.9303635503
3,73,2006,2012,1200,"M5Rules",1607.05648155218
3,73,2006,2013,1372,"M5Rules",1534.47831430496
3,73,2006,2014,1246,"M5Rules",1447.61533618339
3,73,2006,2015,1440,"M5Rules",1587.18662537539
3,73,2006,2016,1160,"M5Rules",1505.11506885122
3,73,2006,2017,1277,"M5Rules",1471.28225079297
3,73,2006,2018,1160,"M5Rules",1299.7885774854
3,73,2006,2019,1571,"M5Rules",1681.13246101749
3,73,2006,2020,1122,"M5Rules",1527.69008856551
3,73,2006,2021,1453,"M5Rules",1369.20327560935
3,73,2006,2022,1287,"M5Rules",1643.5836136605
4,74,2007,2008,1177,"Naive",1434.18152536098
4,74,2007,2009,1154,"Naive",1443.57559126249
4,74,2007,2010,1467,"Naive",1452.96965716401
4,74,2007,2011,1187,"Naive",1462.36372306553
4,74,2007,2012,1200,"Naive",1471.75778896705
4,74,2007,2013,1372,"Naive",1481.15185486857
4,74,2007,2014,1246,"Naive",1490.54592077008
4,74,2007,2015,1440,"Naive",1499.9399866716
4,74,2007,2016,1160,"Naive",1509.33405257312
4,74,2007,2017,1277,"Naive",1518.72811847464
4,74,2007,2018,1160,"Naive",1528.12218437616
4,74,2007,2019,1571,"Naive",1537.51625027767
4,74,2007,2020,1122,"Naive",1546.91031617919
4,74,2007,2021,1453,"Naive",1556.30438208071
4,74,2007,2022,1287,"Naive",1565.69844798223
4,74,2007,2008,1177,"DT",1283.52146414908
4,74,2007,2009,1154,"DT",1572.18164711482
4,74,2007,2010,1467,"DT",1287.95716582336
4,74,2007,2011,1187,"DT",1297.35123172487
4,74,2007,2012,1200,"DT",1303.91794643959
4,74,2007,2013,1372,"DT",1805.98090221729
4,74,2007,2014,1246,"DT",1339.88585955819
4,74,2007,2015,1440,"DT",1824.76903402032
4,74,2007,2016,1160,"DT",1864.64908305566
4,74,2007,2017,1277,"DT",1647.33417432697
4,74,2007,2018,1160,"DT",1377.46212316426
4,74,2007,2019,1571,"DT",1666.12230613
4,74,2007,2020,1122,"DT",1675.51637203152
4,74,2007,2021,1453,"DT",1684.91043793304
4,74,2007,2022,1287,"DT",1619.69685830645
4,74,2007,2008,1177,"CarenR_Assoc",NA
4,74,2007,2009,1154,"CarenR_Assoc",NA
4,74,2007,2010,1467,"CarenR_Assoc",NA
4,74,2007,2011,1187,"CarenR_Assoc",NA
4,74,2007,2012,1200,"CarenR_Assoc",NA
4,74,2007,2013,1372,"CarenR_Assoc",NA
4,74,2007,2014,1246,"CarenR_Assoc",NA
4,74,2007,2015,1440,"CarenR_Assoc",NA
4,74,2007,2016,1160,"CarenR_Assoc",NA
4,74,2007,2017,1277,"CarenR_Assoc",NA
4,74,2007,2018,1160,"CarenR_Assoc",NA
4,74,2007,2019,1571,"CarenR_Assoc",NA
4,74,2007,2020,1122,"CarenR_Assoc",NA
4,74,2007,2021,1453,"CarenR_Assoc",NA
4,74,2007,2022,1287,"CarenR_Assoc",NA
4,74,2007,2008,1177,"CarenR_Dist",1434.18152536098
4,74,2007,2009,1154,"CarenR_Dist",1443.57559126249
4,74,2007,2010,1467,"CarenR_Dist",1452.96965716401
4,74,2007,2011,1187,"CarenR_Dist",1462.36372306553
4,74,2007,2012,1200,"CarenR_Dist",1471.75778896705
4,74,2007,2013,1372,"CarenR_Dist",1481.15185486857
4,74,2007,2014,1246,"CarenR_Dist",1490.54592077008
4,74,2007,2015,1440,"CarenR_Dist",1499.9399866716
4,74,2007,2016,1160,"CarenR_Dist",1509.33405257312
4,74,2007,2017,1277,"CarenR_Dist",1518.72811847464
4,74,2007,2018,1160,"CarenR_Dist",1528.12218437616
4,74,2007,2019,1571,"CarenR_Dist",1537.51625027767
4,74,2007,2020,1122,"CarenR_Dist",1546.91031617919
4,74,2007,2021,1453,"CarenR_Dist",1556.30438208071
4,74,2007,2022,1287,"CarenR_Dist",1565.69844798223
4,74,2007,2008,1177,"M5Rules",1279.21417477283
4,74,2007,2009,1154,"M5Rules",1487.76877190603
4,74,2007,2010,1467,"M5Rules",1364.04714147024
4,74,2007,2011,1187,"M5Rules",1373.44120737175
4,74,2007,2012,1200,"M5Rules",1545.51879086517
4,74,2007,2013,1372,"M5Rules",1536.47211289813
4,74,2007,2014,1246,"M5Rules",1372.89530011666
4,74,2007,2015,1440,"M5Rules",1782.59061451902
4,74,2007,2016,1160,"M5Rules",1452.23781214657
4,74,2007,2017,1277,"M5Rules",1562.44629756915
4,74,2007,2018,1160,"M5Rules",1326.96117267819
4,74,2007,2019,1571,"M5Rules",1738.33148464823
4,74,2007,2020,1122,"M5Rules",1518.17670185292
4,74,2007,2021,1453,"M5Rules",1555.47693734526
4,74,2007,2022,1287,"M5Rules",1476.77593228845
5,75,2008,2009,1154,"Naive",1429.85924324324
5,75,2008,2010,1467,"Naive",1438.98259174964
5,75,2008,2011,1187,"Naive",1448.10594025604
5,75,2008,2012,1200,"Naive",1457.22928876244
5,75,2008,2013,1372,"Naive",1466.35263726884
5,75,2008,2014,1246,"Naive",1475.47598577524
5,75,2008,2015,1440,"Naive",1484.59933428165
5,75,2008,2016,1160,"Naive",1493.72268278805
5,75,2008,2017,1277,"Naive",1502.84603129445
5,75,2008,2018,1160,"Naive",1511.96937980085
5,75,2008,2019,1571,"Naive",1521.09272830725
5,75,2008,2020,1122,"Naive",1530.21607681365
5,75,2008,2021,1453,"Naive",1539.33942532005
5,75,2008,2022,1287,"Naive",1548.46277382645
5,75,2008,2009,1154,"DT",1771.13288691323
5,75,2008,2010,1467,"DT",1275.8651221748
5,75,2008,2011,1187,"DT",1284.9884706812
5,75,2008,2012,1200,"DT",1387.12778947368
5,75,2008,2013,1372,"DT",1597.21830400325
5,75,2008,2014,1246,"DT",1328.57531987909
5,75,2008,2015,1440,"DT",1739.66819416785
5,75,2008,2016,1160,"DT",1624.58834952245
5,75,2008,2017,1277,"DT",1633.71169802885
5,75,2008,2018,1160,"DT",1365.06871390469
5,75,2008,2019,1571,"DT",1776.16158819345
5,75,2008,2020,1122,"DT",1661.08174354805
5,75,2008,2021,1453,"DT",1880.61306899004
5,75,2008,2022,1287,"DT",1603.26044503149
5,75,2008,2009,1154,"CarenR_Assoc",NA
5,75,2008,2010,1467,"CarenR_Assoc",NA
5,75,2008,2011,1187,"CarenR_Assoc",NA
5,75,2008,2012,1200,"CarenR_Assoc",NA
5,75,2008,2013,1372,"CarenR_Assoc",NA
5,75,2008,2014,1246,"CarenR_Assoc",NA
5,75,2008,2015,1440,"CarenR_Assoc",NA
5,75,2008,2016,1160,"CarenR_Assoc",NA
5,75,2008,2017,1277,"CarenR_Assoc",NA
5,75,2008,2018,1160,"CarenR_Assoc",NA
5,75,2008,2019,1571,"CarenR_Assoc",NA
5,75,2008,2020,1122,"CarenR_Assoc",NA
5,75,2008,2021,1453,"CarenR_Assoc",NA
5,75,2008,2022,1287,"CarenR_Assoc",NA
5,75,2008,2009,1154,"CarenR_Dist",1429.85924324324
5,75,2008,2010,1467,"CarenR_Dist",1438.98259174964
5,75,2008,2011,1187,"CarenR_Dist",1448.10594025604
5,75,2008,2012,1200,"CarenR_Dist",1457.22928876244
5,75,2008,2013,1372,"CarenR_Dist",1466.35263726884
5,75,2008,2014,1246,"CarenR_Dist",1475.47598577524
5,75,2008,2015,1440,"CarenR_Dist",1484.59933428165
5,75,2008,2016,1160,"CarenR_Dist",1493.72268278805
5,75,2008,2017,1277,"CarenR_Dist",1502.84603129445
5,75,2008,2018,1160,"CarenR_Dist",1511.96937980085
5,75,2008,2019,1571,"CarenR_Dist",1521.09272830725
5,75,2008,2020,1122,"CarenR_Dist",1530.21607681365
5,75,2008,2021,1453,"CarenR_Dist",1539.33942532005
5,75,2008,2022,1287,"CarenR_Dist",1548.46277382645
5,75,2008,2009,1154,"M5Rules",1503.74789773843
5,75,2008,2010,1467,"M5Rules",1415.65941218646
5,75,2008,2011,1187,"M5Rules",1440.74650074519
5,75,2008,2012,1200,"M5Rules",1472.54515206992
5,75,2008,2013,1372,"M5Rules",1485.49087642827
5,75,2008,2014,1246,"M5Rules",1400.13922249612
5,75,2008,2015,1440,"M5Rules",1643.6881347257
5,75,2008,2016,1160,"M5Rules",1331.68540912415
5,75,2008,2017,1277,"M5Rules",1502.42496738584
5,75,2008,2018,1160,"M5Rules",1279.93819717286
5,75,2008,2019,1571,"M5Rules",1649.32532198345
5,75,2008,2020,1122,"M5Rules",1335.66517214906
5,75,2008,2021,1453,"M5Rules",1400.82063434312
5,75,2008,2022,1287,"M5Rules",1615.28254700544
6,76,2009,2010,1467,"Naive",1424.46368421053
6,76,2009,2011,1187,"Naive",1433.30419685578
6,76,2009,2012,1200,"Naive",1442.14470950102
6,76,2009,2013,1372,"Naive",1450.98522214627
6,76,2009,2014,1246,"Naive",1459.82573479152
6,76,2009,2015,1440,"Naive",1468.66624743677
6,76,2009,2016,1160,"Naive",1477.50676008202
6,76,2009,2017,1277,"Naive",1486.34727272727
6,76,2009,2018,1160,"Naive",1495.18778537252
6,76,2009,2019,1571,"Naive",1504.02829801777
6,76,2009,2020,1122,"Naive",1512.86881066302
6,76,2009,2021,1453,"Naive",1521.70932330827
6,76,2009,2022,1287,"Naive",1530.54983595352
6,76,2009,2010,1467,"DT",1263.23178704337
6,76,2009,2011,1187,"DT",1272.07229968861
6,76,2009,2012,1200,"DT",1614.06460739918
6,76,2009,2013,1372,"DT",1342.89332535885
6,76,2009,2014,1246,"DT",1313.12736543062
6,76,2009,2015,1440,"DT",1640.58614533493
6,76,2009,2016,1160,"DT",1649.42665798018
6,76,2009,2017,1277,"DT",1378.25537593985
6,76,2009,2018,1160,"DT",1348.48941601162
6,76,2009,2019,1571,"DT",1675.94819591593
6,76,2009,2020,1122,"DT",1684.78870856118
6,76,2009,2021,1453,"DT",1413.61742652085
6,76,2009,2022,1287,"DT",1586.08826774729
6,76,2009,2010,1467,"CarenR_Assoc",NA
6,76,2009,2011,1187,"CarenR_Assoc",NA
6,76,2009,2012,1200,"CarenR_Assoc",NA
6,76,2009,2013,1372,"CarenR_Assoc",NA
6,76,2009,2014,1246,"CarenR_Assoc",NA
6,76,2009,2015,1440,"CarenR_Assoc",NA
6,76,2009,2016,1160,"CarenR_Assoc",NA
6,76,2009,2017,1277,"CarenR_Assoc",NA
6,76,2009,2018,1160,"CarenR_Assoc",NA
6,76,2009,2019,1571,"CarenR_Assoc",NA
6,76,2009,2020,1122,"CarenR_Assoc",NA
6,76,2009,2021,1453,"CarenR_Assoc",NA
6,76,2009,2022,1287,"CarenR_Assoc",NA
6,76,2009,2010,1467,"CarenR_Dist",1424.46368421053
6,76,2009,2011,1187,"CarenR_Dist",1433.30419685578
6,76,2009,2012,1200,"CarenR_Dist",1442.14470950102
6,76,2009,2013,1372,"CarenR_Dist",1450.98522214627
6,76,2009,2014,1246,"CarenR_Dist",1459.82573479152
6,76,2009,2015,1440,"CarenR_Dist",1468.66624743677
6,76,2009,2016,1160,"CarenR_Dist",1477.50676008202
6,76,2009,2017,1277,"CarenR_Dist",1486.34727272727
6,76,2009,2018,1160,"CarenR_Dist",1495.18778537252
6,76,2009,2019,1571,"CarenR_Dist",1504.02829801777
6,76,2009,2020,1122,"CarenR_Dist",1512.86881066302
6,76,2009,2021,1453,"CarenR_Dist",1521.70932330827
6,76,2009,2022,1287,"CarenR_Dist",1530.54983595352
6,76,2009,2010,1467,"M5Rules",1393.71102303938
6,76,2009,2011,1187,"M5Rules",1396.51181327903
6,76,2009,2012,1200,"M5Rules",1543.68475327571
6,76,2009,2013,1372,"M5Rules",1503.56826207009
6,76,2009,2014,1246,"M5Rules",1389.42732048872
6,76,2009,2015,1440,"M5Rules",1628.85185668444
6,76,2009,2016,1160,"M5Rules",1572.45383968972
6,76,2009,2017,1277,"M5Rules",1426.2836219246
6,76,2009,2018,1160,"M5Rules",1263.92582831231
6,76,2009,2019,1571,"M5Rules",1568.5893268691
6,76,2009,2020,1122,"M5Rules",1604.02905555827
6,76,2009,2021,1453,"M5Rules",1284.13494854656
6,76,2009,2022,1287,"M5Rules",1679.92078019536
7,77,2010,2011,1187,"Naive",1435.51387559809
7,77,2010,2012,1200,"Naive",1444.3968820653
7,77,2010,2013,1372,"Naive",1453.27988853252
7,77,2010,2014,1246,"Naive",1462.16289499974
7,77,2010,2015,1440,"Naive",1471.04590146696
7,77,2010,2016,1160,"Naive",1479.92890793417
7,77,2010,2017,1277,"Naive",1488.81191440139
7,77,2010,2018,1160,"Naive",1497.69492086861
7,77,2010,2019,1571,"Naive",1506.57792733582
7,77,2010,2020,1122,"Naive",1515.46093380304
7,77,2010,2021,1453,"Naive",1524.34394027026
7,77,2010,2022,1287,"Naive",1533.22694673748
7,77,2010,2011,1187,"DT",1239.81546523652
7,77,2010,2012,1200,"DT",1616.00073216258
7,77,2010,2013,1372,"DT",1344.82679425837
7,77,2010,2014,1246,"DT",1314.67042234082
7,77,2010,2015,1440,"DT",1642.64975156423
7,77,2010,2016,1160,"DT",1651.53275803144
7,77,2010,2017,1277,"DT",1380.35882012724
7,77,2010,2018,1160,"DT",1350.20244820969
7,77,2010,2019,1571,"DT",1678.1817774331
7,77,2010,2020,1122,"DT",1687.06478390031
7,77,2010,2021,1453,"DT",1415.89084599611
7,77,2010,2022,1287,"DT",1337.52853637591
7,77,2010,2011,1187,"CarenR_Assoc",NA
7,77,2010,2012,1200,"CarenR_Assoc",NA
7,77,2010,2013,1372,"CarenR_Assoc",NA
7,77,2010,2014,1246,"CarenR_Assoc",NA
7,77,2010,2015,1440,"CarenR_Assoc",NA
7,77,2010,2016,1160,"CarenR_Assoc",NA
7,77,2010,2017,1277,"CarenR_Assoc",NA
7,77,2010,2018,1160,"CarenR_Assoc",NA
7,77,2010,2019,1571,"CarenR_Assoc",NA
7,77,2010,2020,1122,"CarenR_Assoc",NA
7,77,2010,2021,1453,"CarenR_Assoc",NA
7,77,2010,2022,1287,"CarenR_Assoc",NA
7,77,2010,2011,1187,"CarenR_Dist",1435.51387559809
7,77,2010,2012,1200,"CarenR_Dist",1444.3968820653
7,77,2010,2013,1372,"CarenR_Dist",1453.27988853252
7,77,2010,2014,1246,"CarenR_Dist",1462.16289499974
7,77,2010,2015,1440,"CarenR_Dist",1471.04590146696
7,77,2010,2016,1160,"CarenR_Dist",1479.92890793417
7,77,2010,2017,1277,"CarenR_Dist",1488.81191440139
7,77,2010,2018,1160,"CarenR_Dist",1497.69492086861
7,77,2010,2019,1571,"CarenR_Dist",1506.57792733582
7,77,2010,2020,1122,"CarenR_Dist",1515.46093380304
7,77,2010,2021,1453,"CarenR_Dist",1524.34394027026
7,77,2010,2022,1287,"CarenR_Dist",1533.22694673748
7,77,2010,2011,1187,"M5Rules",1401.40322266696
7,77,2010,2012,1200,"M5Rules",1547.87782213552
7,77,2010,2013,1372,"M5Rules",1507.34171244414
7,77,2010,2014,1246,"M5Rules",1393.10665576055
7,77,2010,2015,1440,"M5Rules",1634.23272258395
7,77,2010,2016,1160,"M5Rules",1575.38013230039
7,77,2010,2017,1277,"M5Rules",1430.71817620517
7,77,2010,2018,1160,"M5Rules",1267.89168073181
7,77,2010,2019,1571,"M5Rules",1573.45179927229
7,77,2010,2020,1122,"M5Rules",1606.59835112578
7,77,2010,2021,1453,"M5Rules",1290.73814731973
7,77,2010,2022,1287,"M5Rules",1685.25929683564
8,78,2011,2012,1200,"Naive",1431.65258075258
8,78,2011,2013,1372,"Naive",1440.29360681513
8,78,2011,2014,1246,"Naive",1448.93463287767
8,78,2011,2015,1440,"Naive",1457.57565894022
8,78,2011,2016,1160,"Naive",1466.21668500276
8,78,2011,2017,1277,"Naive",1474.85771106531
8,78,2011,2018,1160,"Naive",1483.49873712785
8,78,2011,2019,1571,"Naive",1492.1397631904
8,78,2011,2020,1122,"Naive",1500.78078925294
8,78,2011,2021,1453,"Naive",1509.42181531549
8,78,2011,2022,1287,"Naive",1518.06284137803
8,78,2011,2012,1200,"DT",1604.97549997471
8,78,2011,2013,1372,"DT",1333.8166858458
8,78,2011,2014,1246,"DT",1305.88350889617
8,78,2011,2015,1440,"DT",1630.89857816234
8,78,2011,2016,1160,"DT",1639.53960422489
8,78,2011,2017,1277,"DT",1368.38079009598
8,78,2011,2018,1160,"DT",1340.44761314635
8,78,2011,2019,1571,"DT",1665.46268241252
8,78,2011,2020,1122,"DT",1674.10370847507
8,78,2011,2021,1453,"DT",1402.94489434616
8,78,2011,2022,1287,"DT",1317.74617516299
8,78,2011,2012,1200,"CarenR_Assoc",NA
8,78,2011,2013,1372,"CarenR_Assoc",NA
8,78,2011,2014,1246,"CarenR_Assoc",NA
8,78,2011,2015,1440,"CarenR_Assoc",NA
8,78,2011,2016,1160,"CarenR_Assoc",NA
8,78,2011,2017,1277,"CarenR_Assoc",NA
8,78,2011,2018,1160,"CarenR_Assoc",NA
8,78,2011,2019,1571,"CarenR_Assoc",NA
8,78,2011,2020,1122,"CarenR_Assoc",NA
8,78,2011,2021,1453,"CarenR_Assoc",NA
8,78,2011,2022,1287,"CarenR_Assoc",NA
8,78,2011,2012,1200,"CarenR_Dist",1431.65258075258
8,78,2011,2013,1372,"CarenR_Dist",1440.29360681513
8,78,2011,2014,1246,"CarenR_Dist",1448.93463287767
8,78,2011,2015,1440,"CarenR_Dist",1457.57565894022
8,78,2011,2016,1160,"CarenR_Dist",1466.21668500276
8,78,2011,2017,1277,"CarenR_Dist",1474.85771106531
8,78,2011,2018,1160,"CarenR_Dist",1483.49873712785
8,78,2011,2019,1571,"CarenR_Dist",1492.1397631904
8,78,2011,2020,1122,"CarenR_Dist",1500.78078925294
8,78,2011,2021,1453,"CarenR_Dist",1509.42181531549
8,78,2011,2022,1287,"CarenR_Dist",1518.06284137803
8,78,2011,2012,1200,"M5Rules",1468.63623804913
8,78,2011,2013,1372,"M5Rules",1488.53270768961
8,78,2011,2014,1246,"M5Rules",1307.01340270329
8,78,2011,2015,1440,"M5Rules",1749.82353865315
8,78,2011,2016,1160,"M5Rules",1557.45055334039
8,78,2011,2017,1277,"M5Rules",1494.80080380365
8,78,2011,2018,1160,"M5Rules",1383.72602361599
8,78,2011,2019,1571,"M5Rules",1644.53042514457
8,78,2011,2020,1122,"M5Rules",1524.97009818507
8,78,2011,2021,1453,"M5Rules",1237.54202010559
8,78,2011,2022,1287,"M5Rules",1731.5449655697
9,79,2012,2013,1372,"Naive",1428.56436222006
9,79,2012,2014,1246,"Naive",1436.98546494645
9,79,2012,2015,1440,"Naive",1445.40656767283
9,79,2012,2016,1160,"Naive",1453.82767039922
9,79,2012,2017,1277,"Naive",1462.24877312561
9,79,2012,2018,1160,"Naive",1470.669875852
9,79,2012,2019,1571,"Naive",1479.09097857838
9,79,2012,2020,1122,"Naive",1487.51208130477
9,79,2012,2021,1453,"Naive",1495.93318403116
9,79,2012,2022,1287,"Naive",1504.35428675755
9,79,2012,2013,1372,"DT",1766.41373309532
9,79,2012,2014,1246,"DT",1297.89754275195
9,79,2012,2015,1440,"DT",1783.25593854809
9,79,2012,2016,1160,"DT",1828.97376663421
9,79,2012,2017,1277,"DT",1516.60100109542
9,79,2012,2018,1160,"DT",1331.5819536575
9,79,2012,2019,1571,"DT",1663.22091528725
9,79,2012,2020,1122,"DT",1541.86430927459
9,79,2012,2021,1453,"DT",1680.06312074002
9,79,2012,2022,1287,"DT",1306.62433787731
9,79,2012,2013,1372,"CarenR_Assoc",NA
9,79,2012,2014,1246,"CarenR_Assoc",NA
9,79,2012,2015,1440,"CarenR_Assoc",NA
9,79,2012,2016,1160,"CarenR_Assoc",NA
9,79,2012,2017,1277,"CarenR_Assoc",NA
9,79,2012,2018,1160,"CarenR_Assoc",NA
9,79,2012,2019,1571,"CarenR_Assoc",NA
9,79,2012,2020,1122,"CarenR_Assoc",NA
9,79,2012,2021,1453,"CarenR_Assoc",NA
9,79,2012,2022,1287,"CarenR_Assoc",NA
9,79,2012,2013,1372,"CarenR_Dist",1428.56436222006
9,79,2012,2014,1246,"CarenR_Dist",1436.98546494645
9,79,2012,2015,1440,"CarenR_Dist",1445.40656767283
9,79,2012,2016,1160,"CarenR_Dist",1453.82767039922
9,79,2012,2017,1277,"CarenR_Dist",1462.24877312561
9,79,2012,2018,1160,"CarenR_Dist",1470.669875852
9,79,2012,2019,1571,"CarenR_Dist",1479.09097857838
9,79,2012,2020,1122,"CarenR_Dist",1487.51208130477
9,79,2012,2021,1453,"CarenR_Dist",1495.93318403116
9,79,2012,2022,1287,"CarenR_Dist",1504.35428675755
9,79,2012,2013,1372,"M5Rules",1591.73919382659
9,79,2012,2014,1246,"M5Rules",1317.62133404711
9,79,2012,2015,1440,"M5Rules",1731.72646728439
9,79,2012,2016,1160,"M5Rules",1371.41972646337
9,79,2012,2017,1277,"M5Rules",1525.0204910749
9,79,2012,2018,1160,"M5Rules",1428.34240550955
9,79,2012,2019,1571,"M5Rules",1640.91713665847
9,79,2012,2020,1122,"M5Rules",1388.41649522957
9,79,2012,2021,1453,"M5Rules",1408.29145583873
9,79,2012,2022,1287,"M5Rules",1704.16150999106
10,80,2013,2014,1246,"Naive",1434.15724683544
10,80,2013,2015,1440,"Naive",1442.52597515236
10,80,2013,2016,1160,"Naive",1450.89470346929
10,80,2013,2017,1277,"Naive",1459.26343178621
10,80,2013,2018,1160,"Naive",1467.63216010313
10,80,2013,2019,1571,"Naive",1476.00088842006
10,80,2013,2020,1122,"Naive",1484.36961673698
10,80,2013,2021,1453,"Naive",1492.73834505391
10,80,2013,2022,1287,"Naive",1501.10707337083
10,80,2013,2014,1246,"DT",1295.99569700832
10,80,2013,2015,1440,"DT",1398.6945806962
10,80,2013,2016,1160,"DT",1608.96768752929
10,80,2013,2017,1277,"DT",1617.33641584622
10,80,2013,2018,1160,"DT",1329.47061027601
10,80,2013,2019,1571,"DT",1634.07387248007
10,80,2013,2020,1122,"DT",1440.53822228082
10,80,2013,2021,1453,"DT",1650.81132911392
10,80,2013,2022,1287,"DT",1303.97568917017
10,80,2013,2014,1246,"CarenR_Assoc",NA
10,80,2013,2015,1440,"CarenR_Assoc",NA
10,80,2013,2016,1160,"CarenR_Assoc",NA
10,80,2013,2017,1277,"CarenR_Assoc",NA
10,80,2013,2018,1160,"CarenR_Assoc",NA
10,80,2013,2019,1571,"CarenR_Assoc",NA
10,80,2013,2020,1122,"CarenR_Assoc",NA
10,80,2013,2021,1453,"CarenR_Assoc",NA
10,80,2013,2022,1287,"CarenR_Assoc",NA
10,80,2013,2014,1246,"CarenR_Dist",1434.15724683544
10,80,2013,2015,1440,"CarenR_Dist",1442.52597515236
10,80,2013,2016,1160,"CarenR_Dist",1450.89470346929
10,80,2013,2017,1277,"CarenR_Dist",1459.26343178621
10,80,2013,2018,1160,"CarenR_Dist",1467.63216010313
10,80,2013,2019,1571,"CarenR_Dist",1476.00088842006
10,80,2013,2020,1122,"CarenR_Dist",1484.36961673698
10,80,2013,2021,1453,"CarenR_Dist",1492.73834505391
10,80,2013,2022,1287,"CarenR_Dist",1501.10707337083
10,80,2013,2014,1246,"M5Rules",1249.70512698377
10,80,2013,2015,1440,"M5Rules",1849.51524908371
10,80,2013,2016,1160,"M5Rules",1564.37285894843
10,80,2013,2017,1277,"M5Rules",1509.80813656587
10,80,2013,2018,1160,"M5Rules",1419.37243668651
10,80,2013,2019,1571,"M5Rules",1655.42412533352
10,80,2013,2020,1122,"M5Rules",1475.62351546159
10,80,2013,2021,1453,"M5Rules",1314.60316263407
10,80,2013,2022,1287,"M5Rules",1705.04462517382
11,81,2014,2015,1440,"Naive",1433.23425925926
11,81,2014,2016,1160,"Naive",1441.4330171635
11,81,2014,2017,1277,"Naive",1449.63177506775
11,81,2014,2018,1160,"Naive",1457.830532972
11,81,2014,2019,1571,"Naive",1466.02929087624
11,81,2014,2020,1122,"Naive",1474.22804878049
11,81,2014,2021,1453,"Naive",1482.42680668473
11,81,2014,2022,1287,"Naive",1490.62556458898
11,81,2014,2015,1440,"DT",1392.95807926829
11,81,2014,2016,1160,"DT",1600.63913730804
11,81,2014,2017,1277,"DT",1608.83789521229
11,81,2014,2018,1160,"DT",1320.04081646209
11,81,2014,2019,1571,"DT",1625.23541102078
11,81,2014,2020,1122,"DT",1433.95186878952
11,81,2014,2021,1453,"DT",1641.63292682927
11,81,2014,2022,1287,"DT",1295.38004258614
11,81,2014,2015,1440,"CarenR_Assoc",NA
11,81,2014,2016,1160,"CarenR_Assoc",NA
11,81,2014,2017,1277,"CarenR_Assoc",NA
11,81,2014,2018,1160,"CarenR_Assoc",NA
11,81,2014,2019,1571,"CarenR_Assoc",NA
11,81,2014,2020,1122,"CarenR_Assoc",NA
11,81,2014,2021,1453,"CarenR_Assoc",NA
11,81,2014,2022,1287,"CarenR_Assoc",NA
11,81,2014,2015,1440,"CarenR_Dist",1433.23425925926
11,81,2014,2016,1160,"CarenR_Dist",1441.4330171635
11,81,2014,2017,1277,"CarenR_Dist",1449.63177506775
11,81,2014,2018,1160,"CarenR_Dist",1457.830532972
11,81,2014,2019,1571,"CarenR_Dist",1466.02929087624
11,81,2014,2020,1122,"CarenR_Dist",1474.22804878049
11,81,2014,2021,1453,"CarenR_Dist",1482.42680668473
11,81,2014,2022,1287,"CarenR_Dist",1490.62556458898
11,81,2014,2015,1440,"M5Rules",1629.76311497468
11,81,2014,2016,1160,"M5Rules",1331.36126730074
11,81,2014,2017,1277,"M5Rules",1423.98603182988
11,81,2014,2018,1160,"M5Rules",1315.37472118524
11,81,2014,2019,1571,"M5Rules",1564.00034555758
11,81,2014,2020,1122,"M5Rules",1346.25011583079
11,81,2014,2021,1453,"M5Rules",1211.01150358017
11,81,2014,2022,1287,"M5Rules",1634.62421248603
12,82,2015,2016,1160,"Naive",1441.7630532972
12,82,2015,2017,1277,"Naive",1449.96777570988
12,82,2015,2018,1160,"Naive",1458.17249812257
12,82,2015,2019,1571,"Naive",1466.37722053525
12,82,2015,2020,1122,"Naive",1474.58194294794
12,82,2015,2021,1453,"Naive",1482.78666536063
12,82,2015,2022,1287,"Naive",1490.99138777331
12,82,2015,2016,1160,"DT",1600.93139822161
12,82,2015,2017,1277,"DT",1609.1361206343
12,82,2015,2018,1160,"DT",1320.26852034313
12,82,2015,2019,1571,"DT",1625.54556545967
12,82,2015,2020,1122,"DT",1443.55111720595
12,82,2015,2021,1453,"DT",1641.95501028504
12,82,2015,2022,1287,"DT",1295.68167629869
12,82,2015,2016,1160,"CarenR_Assoc",NA
12,82,2015,2017,1277,"CarenR_Assoc",NA
12,82,2015,2018,1160,"CarenR_Assoc",NA
12,82,2015,2019,1571,"CarenR_Assoc",NA
12,82,2015,2020,1122,"CarenR_Assoc",NA
12,82,2015,2021,1453,"CarenR_Assoc",NA
12,82,2015,2022,1287,"CarenR_Assoc",NA
12,82,2015,2016,1160,"CarenR_Dist",1441.7630532972
12,82,2015,2017,1277,"CarenR_Dist",1449.96777570988
12,82,2015,2018,1160,"CarenR_Dist",1458.17249812257
12,82,2015,2019,1571,"CarenR_Dist",1466.37722053525
12,82,2015,2020,1122,"CarenR_Dist",1474.58194294794
12,82,2015,2021,1453,"CarenR_Dist",1482.78666536063
12,82,2015,2022,1287,"CarenR_Dist",1490.99138777331
12,82,2015,2016,1160,"M5Rules",1344.65860038313
12,82,2015,2017,1277,"M5Rules",1484.4446636767
12,82,2015,2018,1160,"M5Rules",1374.06077870282
12,82,2015,2019,1571,"M5Rules",1573.73959021679
12,82,2015,2020,1122,"M5Rules",1334.84051175907
12,82,2015,2021,1453,"M5Rules",1268.18371615901
12,82,2015,2022,1287,"M5Rules",1620.39804284137
13,83,2016,2017,1277,"Naive",1436.38883338231
13,83,2016,2018,1160,"Naive",1444.351074682
13,83,2016,2019,1571,"Naive",1452.3133159817
13,83,2016,2020,1122,"Naive",1460.27555728139
13,83,2016,2021,1453,"Naive",1468.23779858108
13,83,2016,2022,1287,"Naive",1476.20003988078
13,83,2016,2017,1277,"DT",1473.78910520129
13,83,2016,2018,1160,"DT",1311.01144726477
13,83,2016,2019,1571,"DT",1399.52161197053
13,83,2016,2020,1122,"DT",1497.67582910037
13,83,2016,2021,1453,"DT",1771.79103172271
13,83,2016,2022,1287,"DT",1510.02083395803
13,83,2016,2017,1277,"CarenR_Assoc",NA
13,83,2016,2018,1160,"CarenR_Assoc",NA
13,83,2016,2019,1571,"CarenR_Assoc",NA
13,83,2016,2020,1122,"CarenR_Assoc",NA
13,83,2016,2021,1453,"CarenR_Assoc",NA
13,83,2016,2022,1287,"CarenR_Assoc",NA
13,83,2016,2017,1277,"CarenR_Dist",1436.38883338231
13,83,2016,2018,1160,"CarenR_Dist",1444.351074682
13,83,2016,2019,1571,"CarenR_Dist",1452.3133159817
13,83,2016,2020,1122,"CarenR_Dist",1460.27555728139
13,83,2016,2021,1453,"CarenR_Dist",1468.23779858108
13,83,2016,2022,1287,"CarenR_Dist",1476.20003988078
13,83,2016,2017,1277,"M5Rules",1429.33338373894
13,83,2016,2018,1160,"M5Rules",1213.978904273
13,83,2016,2019,1571,"M5Rules",1566.02614477253
13,83,2016,2020,1122,"M5Rules",1281.06747024063
13,83,2016,2021,1453,"M5Rules",1351.91306016905
13,83,2016,2022,1287,"M5Rules",1547.37603866577
14,84,2017,2018,1160,"Naive",1436.76113023523
14,84,2017,2019,1571,"Naive",1444.5894313388
14,84,2017,2020,1122,"Naive",1452.41773244238
14,84,2017,2021,1453,"Naive",1460.24603354595
14,84,2017,2022,1287,"Naive",1468.07433464952
14,84,2017,2018,1160,"DT",1305.89808330703
14,84,2017,2019,1571,"DT",1642.53450588391
14,84,2017,2020,1122,"DT",1535.40499071918
14,84,2017,2021,1453,"DT",1767.14777159056
14,84,2017,2022,1287,"DT",1521.52033694442
14,84,2017,2018,1160,"CarenR_Assoc",NA
14,84,2017,2019,1571,"CarenR_Assoc",NA
14,84,2017,2020,1122,"CarenR_Assoc",NA
14,84,2017,2021,1453,"CarenR_Assoc",NA
14,84,2017,2022,1287,"CarenR_Assoc",NA
14,84,2017,2018,1160,"CarenR_Dist",1436.76113023523
14,84,2017,2019,1571,"CarenR_Dist",1444.5894313388
14,84,2017,2020,1122,"CarenR_Dist",1452.41773244238
14,84,2017,2021,1453,"CarenR_Dist",1460.24603354595
14,84,2017,2022,1287,"CarenR_Dist",1468.07433464952
14,84,2017,2018,1160,"M5Rules",1444.23023141004
14,84,2017,2019,1571,"M5Rules",1674.45934658699
14,84,2017,2020,1122,"M5Rules",1385.04971211382
14,84,2017,2021,1453,"M5Rules",1399.2659276854
14,84,2017,2022,1287,"M5Rules",1368.20319273546
15,85,2018,2019,1571,"Naive",1431.56537815126
15,85,2018,2020,1122,"Naive",1439.16651553644
15,85,2018,2021,1453,"Naive",1446.76765292163
15,85,2018,2022,1287,"Naive",1454.36879030682
15,85,2018,2019,1571,"DT",1671.96955507784
15,85,2018,2020,1122,"DT",1433.78690682474
15,85,2018,2021,1453,"DT",1759.27276268647
15,85,2018,2022,1287,"DT",1509.79868907563
15,85,2018,2019,1571,"CarenR_Assoc",NA
15,85,2018,2020,1122,"CarenR_Assoc",NA
15,85,2018,2021,1453,"CarenR_Assoc",NA
15,85,2018,2022,1287,"CarenR_Assoc",NA
15,85,2018,2019,1571,"CarenR_Dist",1431.56537815126
15,85,2018,2020,1122,"CarenR_Dist",1439.16651553644
15,85,2018,2021,1453,"CarenR_Dist",1446.76765292163
15,85,2018,2022,1287,"CarenR_Dist",1454.36879030682
15,85,2018,2019,1571,"M5Rules",1829.83530682255
15,85,2018,2020,1122,"M5Rules",1294.40178390591
15,85,2018,2021,1453,"M5Rules",1391.50138164661
15,85,2018,2022,1287,"M5Rules",1427.77005054994
16,86,2019,2020,1122,"Naive",1445.65184678523
16,86,2019,2021,1453,"Naive",1453.36480022643
16,86,2019,2022,1287,"Naive",1461.07775366763
16,86,2019,2020,1122,"DT",1529.40691227574
16,86,2019,2021,1453,"DT",1763.14905262827
16,86,2019,2022,1287,"DT",1515.56839756592
16,86,2019,2020,1122,"CarenR_Assoc",NA
16,86,2019,2021,1453,"CarenR_Assoc",NA
16,86,2019,2022,1287,"CarenR_Assoc",NA
16,86,2019,2020,1122,"CarenR_Dist",1445.65184678523
16,86,2019,2021,1453,"CarenR_Dist",1453.36480022643
16,86,2019,2022,1287,"CarenR_Dist",1461.07775366763
16,86,2019,2020,1122,"M5Rules",1376.33898458796
16,86,2019,2021,1453,"M5Rules",1327.5023713696
16,86,2019,2022,1287,"M5Rules",1350.75216029494
17,87,2020,2021,1453,"Naive",1438.48425554665
17,87,2020,2022,1287,"Naive",1445.94356333989
17,87,2020,2021,1453,"DT",1110.19886859777
17,87,2020,2022,1287,"DT",1467.90737975687
17,87,2020,2021,1453,"CarenR_Assoc",NA
17,87,2020,2022,1287,"CarenR_Assoc",NA
17,87,2020,2021,1453,"CarenR_Dist",1438.48425554665
17,87,2020,2022,1287,"CarenR_Dist",1445.94356333989
17,87,2020,2021,1453,"M5Rules",1221.68325084877
17,87,2020,2022,1287,"M5Rules",1424.53993602829
18,88,2021,2022,1287,"Naive",1446.60336990595
18,88,2021,2022,1287,"DT",1468.4314255618
18,88,2021,2022,1287,"CarenR_Assoc",NA
18,88,2021,2022,1287,"CarenR_Dist",1446.60336990595
18,88,2021,2022,1287,"M5Rules",1425.11930550174
